AirplaneLD-pt-0010.pnml|AirplaneLD-PT-0010|89|88|1|1|1|0.0
AirplaneLD-pt-0020.pnml|AirplaneLD-PT-0020|159|168|1|1|1|0.0
AirplaneLD-pt-0050.pnml|AirplaneLD-PT-0050|369|408|1|1|1|0.0
AirplaneLD-pt-0100.pnml|AirplaneLD-PT-0100|719|808|1|1|1|0.0
AirplaneLD-pt-0200.pnml|AirplaneLD-PT-0200|1419|1608|1|1|1|0.0
AirplaneLD-pt-0500.pnml|AirplaneLD-PT-0500|3519|4008|1|1|1|0.0
AirplaneLD-pt-1000.pnml|AirplaneLD-PT-1000|7019|8008|1|1|1|0.0
AirplaneLD-pt-2000.pnml|AirplaneLD-PT-2000|14019|16008|1|1|1|0.0
AirplaneLD-pt-4000.pnml|AirplaneLD-PT-4000|28019|32008|1|1|1|0.0
angiogenesis-01.pnml|Angiogenesis-PT-01|39|64|1|1|1|0.0
angiogenesis-05.pnml|Angiogenesis-PT-05|39|64|1|1|1|0.0
angiogenesis-10.pnml|Angiogenesis-PT-10|39|64|1|1|1|0.0
angiogenesis-15.pnml|Angiogenesis-PT-15|39|64|1|1|1|0.0
angiogenesis-20.pnml|Angiogenesis-PT-20|39|64|1|1|1|0.0
angiogenesis-25.pnml|Angiogenesis-PT-25|39|64|1|1|1|0.0
angiogenesis-50.pnml|Angiogenesis-PT-50|39|64|1|1|1|0.0
ARMCacheCoherence.pnml|ARMCacheCoherence-PT-none|87|33676|1|1|1|0.0
aslink_01_a.pnml|ASLink-PT-01a|431|735|1|1|1|0.0
aslink_01_b.pnml|ASLink-PT-01b|846|1148|1|1|1|0.0
aslink_02_a.pnml|ASLink-PT-02a|626|1008|1|1|1|0.0
aslink_02_b.pnml|ASLink-PT-02b|1242|1621|1|1|1|0.0
aslink_03_a.pnml|ASLink-PT-03a|821|1281|1|1|1|0.0
aslink_03_b.pnml|ASLink-PT-03b|1638|2094|1|1|1|0.0
aslink_04_a.pnml|ASLink-PT-04a|1016|1554|1|1|1|0.0
aslink_04_b.pnml|ASLink-PT-04b|2034|2567|1|1|1|0.0
aslink_05_a.pnml|ASLink-PT-05a|1211|1827|1|1|1|0.0
aslink_05_b.pnml|ASLink-PT-05b|2430|3040|1|1|1|0.0
aslink_06_a.pnml|ASLink-PT-06a|1406|2100|1|1|1|0.0
aslink_06_b.pnml|ASLink-PT-06b|2826|3513|1|1|1|0.0
aslink_07_a.pnml|ASLink-PT-07a|1601|2373|1|1|1|0.0
aslink_07_b.pnml|ASLink-PT-07b|3222|3986|1|1|1|0.0
aslink_08_a.pnml|ASLink-PT-08a|1796|2646|1|1|1|0.0
aslink_08_b.pnml|ASLink-PT-08b|3618|4459|1|1|1|0.0
aslink_09_a.pnml|ASLink-PT-09a|1991|2919|1|1|1|0.0
aslink_09_b.pnml|ASLink-PT-09b|4014|4932|1|1|1|0.0
aslink_10_a.pnml|ASLink-PT-10a|2186|3192|1|1|1|0.0
aslink_10_b.pnml|ASLink-PT-10b|4410|5405|1|1|1|0.0
afcs_01_a.pnml|AutoFlight-PT-01a|32|30|1|1|1|0.0
afcs_01_b.pnml|AutoFlight-PT-01b|114|112|1|1|1|0.0
afcs_02_a.pnml|AutoFlight-PT-02a|57|55|1|1|1|0.0
afcs_02_b.pnml|AutoFlight-PT-02b|206|204|1|1|1|0.0
afcs_03_a.pnml|AutoFlight-PT-03a|82|80|1|1|1|0.0
afcs_03_b.pnml|AutoFlight-PT-03b|298|296|1|1|1|0.0
afcs_04_a.pnml|AutoFlight-PT-04a|107|105|1|1|1|0.0
afcs_04_b.pnml|AutoFlight-PT-04b|390|388|1|1|1|0.0
afcs_05_a.pnml|AutoFlight-PT-05a|132|130|1|1|1|0.0
afcs_05_b.pnml|AutoFlight-PT-05b|482|480|1|1|1|0.0
afcs_06_a.pnml|AutoFlight-PT-06a|157|155|1|1|1|0.0
afcs_06_b.pnml|AutoFlight-PT-06b|574|572|1|1|1|0.0
afcs_12_a.pnml|AutoFlight-PT-12a|307|305|1|1|1|0.0
afcs_12_b.pnml|AutoFlight-PT-12b|1126|1124|1|1|1|0.0
afcs_24_a.pnml|AutoFlight-PT-24a|607|605|1|1|1|0.0
afcs_24_b.pnml|AutoFlight-PT-24b|2230|2228|1|1|1|0.0
afcs_48_a.pnml|AutoFlight-PT-48a|1127|1113|1|1|1|0.0
afcs_48_b.pnml|AutoFlight-PT-48b|3950|3936|1|1|1|0.0
afcs_96_a.pnml|AutoFlight-PT-96a|2251|2225|1|1|1|0.0
afcs_96_b.pnml|AutoFlight-PT-96b|7894|7868|1|1|1|0.0
BART-002-unf.pnml|BART-PT-002|474|404|1|1|1|0.0
BART-005-unf.pnml|BART-PT-005|870|1010|1|1|1|0.0
BART-010-unf.pnml|BART-PT-010|1530|2020|1|1|1|0.0
BART-020-unf.pnml|BART-PT-020|2850|4040|1|1|1|0.0
BART-030-unf.pnml|BART-PT-030|4170|6060|1|1|1|0.0
BART-040-unf.pnml|BART-PT-040|5490|8080|1|1|1|0.0
BART-050-unf.pnml|BART-PT-050|6810|10100|1|1|1|0.0
BART-060-unf.pnml|BART-PT-060|8130|12120|1|1|1|0.0
BridgeAndVehicles-V04-P05-N02-unfolded.pnml|BridgeAndVehicles-PT-V04P05N02|28|52|1|5|1.049079754601227|0.44102929931060264
BridgeAndVehicles-V10-P10-N10-unfolded.pnml|BridgeAndVehicles-PT-V10P10N10|48|288|1|10|1.017224880382775|0.3934479565912384
BridgeAndVehicles-V20-P10-N10-unfolded.pnml|BridgeAndVehicles-PT-V20P10N10|68|548|1|10|1.008845208845209|0.2820428813078425
BridgeAndVehicles-V20-P10-N20-unfolded.pnml|BridgeAndVehicles-PT-V20P10N20|78|968|1|10|1.0048979591836735|0.2099134052452221
BridgeAndVehicles-V20-P10-N50-unfolded.pnml|BridgeAndVehicles-PT-V20P10N50|108|2228|1|10|1.0020942408376963|0.13727664755662813
BridgeAndVehicles-V20-P20-N10-unfolded.pnml|BridgeAndVehicles-PT-V20P20N10|68|548|1|20|1.0186732186732186|0.5954238605387786
BridgeAndVehicles-V20-P20-N20-unfolded.pnml|BridgeAndVehicles-PT-V20P20N20|78|968|1|20|1.0103401360544217|0.4431505221843577
BridgeAndVehicles-V20-P20-N50-unfolded.pnml|BridgeAndVehicles-PT-V20P20N50|108|2228|1|20|1.0044211751018033|0.2898062559528816
BridgeAndVehicles-V50-P20-N10-unfolded.pnml|BridgeAndVehicles-PT-V50P20N10|128|1328|1|20|1.0075924075924076|0.37975321782243776
BridgeAndVehicles-V50-P20-N20-unfolded.pnml|BridgeAndVehicles-PT-V50P20N20|138|2348|1|20|1.0042012161415146|0.28250640398789234
BridgeAndVehicles-V50-P20-N50-unfolded.pnml|BridgeAndVehicles-PT-V50P20N50|168|5408|1|20|1.0017954169619656|0.18469029367749323
BridgeAndVehicles-V50-P50-N10-unfolded.pnml|BridgeAndVehicles-PT-V50P50N10|128|1328|1|50|1.0195804195804197|0.9793635617526026
BridgeAndVehicles-V50-P50-N20-unfolded.pnml|BridgeAndVehicles-PT-V50P50N20|138|2348|1|50|1.0108347153123272|0.7285691471266696
BridgeAndVehicles-V50-P50-N50-unfolded.pnml|BridgeAndVehicles-PT-V50P50N50|168|5408|1|50|1.0046302858492795|0.4763065468524825
BridgeAndVehicles-V80-P20-N10-unfolded.pnml|BridgeAndVehicles-PT-V80P20N10|188|2108|1|20|1.0047648902821316|0.300858581659705
BridgeAndVehicles-V80-P20-N20-unfolded.pnml|BridgeAndVehicles-PT-V80P20N20|198|3728|1|20|1.0026361429066943|0.22378897003502543
BridgeAndVehicles-V80-P20-N50-unfolded.pnml|BridgeAndVehicles-PT-V80P20N50|228|8588|1|20|1.0011264265599527|0.14629132919417326
BridgeAndVehicles-V80-P50-N10-unfolded.pnml|BridgeAndVehicles-PT-V80P50N10|188|2108|1|50|1.0122884012539184|0.7758984474381867
BridgeAndVehicles-V80-P50-N20-unfolded.pnml|BridgeAndVehicles-PT-V80P50N20|198|3728|1|50|1.0067984738120015|0.5771399753534866
BridgeAndVehicles-V80-P50-N50-unfolded.pnml|BridgeAndVehicles-PT-V80P50N50|228|8588|1|50|1.0029049948125093|0.377277638448131
bproc_01.pnml|BusinessProcesses-PT-01|200|178|1|1|1|0.0
bproc_02.pnml|BusinessProcesses-PT-02|262|219|1|1|1|0.0
bproc_03.pnml|BusinessProcesses-PT-03|274|237|1|1|1|0.0
bproc_04.pnml|BusinessProcesses-PT-04|288|283|1|1|1|0.0
bproc_05.pnml|BusinessProcesses-PT-05|368|319|1|1|1|0.0
bproc_06.pnml|BusinessProcesses-PT-06|376|297|1|1|1|0.0
bproc_07.pnml|BusinessProcesses-PT-07|386|360|1|1|1|0.0
bproc_08.pnml|BusinessProcesses-PT-08|393|344|1|1|1|0.0
bproc_09.pnml|BusinessProcesses-PT-09|403|374|1|1|1|0.0
bproc_10.pnml|BusinessProcesses-PT-10|518|471|1|1|1|0.0
bproc_11.pnml|BusinessProcesses-PT-11|567|508|1|1|1|0.0
bproc_12.pnml|BusinessProcesses-PT-12|586|525|1|1|1|0.0
bproc_13.pnml|BusinessProcesses-PT-13|593|536|1|1|1|0.0
bproc_14.pnml|BusinessProcesses-PT-14|624|564|1|1|1|0.0
bproc_15.pnml|BusinessProcesses-PT-15|630|566|1|1|1|0.0
bproc_16.pnml|BusinessProcesses-PT-16|638|578|1|1|1|0.0
bproc_17.pnml|BusinessProcesses-PT-17|650|580|1|1|1|0.0
bproc_18.pnml|BusinessProcesses-PT-18|717|642|1|1|1|0.0
bproc_19.pnml|BusinessProcesses-PT-19|772|685|1|1|1|0.0
bproc_20.pnml|BusinessProcesses-PT-20|782|697|1|1|1|0.0
CANConstruction-005.pnml|gen|112|140|1|1|1|0.0
CANConstruction-010.pnml|gen|322|480|1|1|1|0.0
CANConstruction-020.pnml|gen|1042|1760|1|1|1|0.0
CANConstruction-030.pnml|gen|2162|3840|1|1|1|0.0
CANConstruction-040.pnml|gen|3682|6720|1|1|1|0.0
CANConstruction-050.pnml|gen|5602|10400|1|1|1|0.0
CANConstruction-060.pnml|gen|7922|14880|1|1|1|0.0
CANConstruction-070.pnml|gen|10642|20160|1|1|1|0.0
CANConstruction-080.pnml|gen|13762|26240|1|1|1|0.0
CANConstruction-090.pnml|gen|17282|33120|1|1|1|0.0
CANConstruction-100.pnml|gen|21202|40800|1|1|1|0.0
circadian_clock-000001.pnml|CircadianClock-PT-000001|14|16|1|1|1|0.0
circadian_clock-000010.pnml|CircadianClock-PT-000010|14|16|1|1|1|0.0
circadian_clock-000100.pnml|CircadianClock-PT-000100|14|16|1|1|1|0.0
circadian_clock-001000.pnml|CircadianClock-PT-001000|14|16|1|1|1|0.0
circadian_clock-010000.pnml|CircadianClock-PT-010000|14|16|1|1|1|0.0
circadian_clock-100000.pnml|CircadianClock-PT-100000|14|16|1|1|1|0.0
CircularTrain-012.pnml|CircularTrains-PT-012|24|12|1|1|1|0.0
CircularTrain-024.pnml|CircularTrains-PT-024|48|24|1|1|1|0.0
CircularTrain-048.pnml|CircularTrains-PT-048|96|48|1|1|1|0.0
CircularTrain-096.pnml|CircularTrains-PT-096|192|96|1|1|1|0.0
CircularTrain-192.pnml|CircularTrains-PT-192|384|192|1|1|1|0.0
CircularTrain-384.pnml|CircularTrains-PT-384|768|384|1|1|1|0.0
CircularTrain-768.pnml|CircularTrains-PT-768|1536|768|1|1|1|0.0
ClientsAndServers-0001-0.pnml|ClientsAndServers-PT-N0001P0|25|18|1|1|1|0.0
ClientsAndServers-0002-0.pnml|ClientsAndServers-PT-N0002P0|25|18|1|1|1|0.0
ClientsAndServers-0002-1.pnml|ClientsAndServers-PT-N0002P1|25|18|1|1|1|0.0
ClientsAndServers-0005-0.pnml|ClientsAndServers-PT-N0005P0|25|18|1|1|1|0.0
ClientsAndServers-0005-1.pnml|ClientsAndServers-PT-N0005P1|25|18|1|1|1|0.0
ClientsAndServers-0010-0.pnml|ClientsAndServers-PT-N0010P0|25|18|1|1|1|0.0
ClientsAndServers-0010-1.pnml|ClientsAndServers-PT-N0010P1|25|18|1|1|1|0.0
ClientsAndServers-0010-2.pnml|ClientsAndServers-PT-N0010P2|25|18|1|1|1|0.0
ClientsAndServers-0020-0.pnml|ClientsAndServers-PT-N0020P0|25|18|1|1|1|0.0
ClientsAndServers-0020-1.pnml|ClientsAndServers-PT-N0020P1|25|18|1|1|1|0.0
ClientsAndServers-0020-2.pnml|ClientsAndServers-PT-N0020P2|25|18|1|1|1|0.0
ClientsAndServers-0020-3.pnml|ClientsAndServers-PT-N0020P3|25|18|1|1|1|0.0
ClientsAndServers-0020-4.pnml|ClientsAndServers-PT-N0020P4|25|18|1|1|1|0.0
ClientsAndServers-0050-0.pnml|ClientsAndServers-PT-N0050P0|25|18|1|1|1|0.0
ClientsAndServers-0100-0.pnml|ClientsAndServers-PT-N0100P0|25|18|1|1|1|0.0
ClientsAndServers-0200-0.pnml|ClientsAndServers-PT-N0200P0|25|18|1|1|1|0.0
ClientsAndServers-0500-0.pnml|ClientsAndServers-PT-N0500P0|25|18|1|1|1|0.0
ClientsAndServers-1000-0.pnml|ClientsAndServers-PT-N1000P0|25|18|1|1|1|0.0
ClientsAndServers-2000-0.pnml|ClientsAndServers-PT-N2000P0|25|18|1|1|1|0.0
ClientsAndServers-5000-0.pnml|ClientsAndServers-PT-N5000P0|25|18|1|1|1|0.0
deploy_2_a.pnml|CloudDeployment-PT-2a|69|174|1|1|1|0.0
deploy_2_b.pnml|CloudDeployment-PT-2b|556|684|1|1|1|0.0
deploy_3_a.pnml|CloudDeployment-PT-3a|104|308|1|1|1|0.0
deploy_3_b.pnml|CloudDeployment-PT-3b|859|1152|1|1|1|0.0
deploy_4_a.pnml|CloudDeployment-PT-4a|141|475|1|1|1|0.0
deploy_4_b.pnml|CloudDeployment-PT-4b|1182|1824|1|1|1|0.0
deploy_5_a.pnml|CloudDeployment-PT-5a|180|675|1|1|1|0.0
deploy_5_b.pnml|CloudDeployment-PT-5b|1525|3132|1|1|1|0.0
deploy_6_a.pnml|CloudDeployment-PT-6a|221|908|1|1|1|0.0
deploy_6_b.pnml|CloudDeployment-PT-6b|1888|6804|1|1|1|0.0
deploy_7_a.pnml|CloudDeployment-PT-7a|264|1174|1|1|1|0.0
deploy_7_b.pnml|CloudDeployment-PT-7b|2271|19752|1|1|1|0.0
CloudOpsManagement-00002by00001.pnml|CloudOpsManagement-PT-00002by00001|27|29|1|1|1|0.0
CloudOpsManagement-00005by00002.pnml|CloudOpsManagement-PT-00005by00002|27|29|1|1|1|0.0
CloudOpsManagement-00010by00005.pnml|CloudOpsManagement-PT-00010by00005|27|29|1|1|1|0.0
CloudOpsManagement-00020by00010.pnml|CloudOpsManagement-PT-00020by00010|27|29|1|1|1|0.0
CloudOpsManagement-00040by00020.pnml|CloudOpsManagement-PT-00040by00020|27|29|1|1|1|0.0
CloudOpsManagement-00080by00040.pnml|CloudOpsManagement-PT-00080by00040|27|29|1|1|1|0.0
CloudOpsManagement-00160by00080.pnml|CloudOpsManagement-PT-00160by00080|27|29|1|1|1|0.0
CloudOpsManagement-00320by00160.pnml|CloudOpsManagement-PT-00320by00160|27|29|1|1|1|0.0
CloudOpsManagement-00640by00320.pnml|CloudOpsManagement-PT-00640by00320|27|29|1|1|1|0.0
CloudOpsManagement-01280by00640.pnml|CloudOpsManagement-PT-01280by00640|27|29|1|1|1|0.0
CloudOpsManagement-02560by01280.pnml|CloudOpsManagement-PT-02560by01280|27|29|1|1|1|0.0
CloudOpsManagement-05120by02560.pnml|CloudOpsManagement-PT-05120by02560|27|29|1|1|1|0.0
CloudOpsManagement-10240by05120.pnml|CloudOpsManagement-PT-10240by05120|27|29|1|1|1|0.0
CloudOpsManagement-20480by10240.pnml|CloudOpsManagement-PT-20480by10240|27|29|1|1|1|0.0
reconf_3_01.pnml|CloudReconfiguration-PT-301|2584|3094|1|1|1|0.0
reconf_3_02.pnml|CloudReconfiguration-PT-302|2585|3095|1|1|1|0.0
reconf_3_03.pnml|CloudReconfiguration-PT-303|2584|3094|1|1|1|0.0
reconf_3_04.pnml|CloudReconfiguration-PT-304|2584|3094|1|1|1|0.0
reconf_3_05.pnml|CloudReconfiguration-PT-305|2585|3095|1|1|1|0.0
reconf_3_06.pnml|CloudReconfiguration-PT-306|2584|3094|1|1|1|0.0
reconf_3_07.pnml|CloudReconfiguration-PT-307|2584|3094|1|1|1|0.0
reconf_3_08.pnml|CloudReconfiguration-PT-308|2585|3095|1|1|1|0.0
reconf_3_09.pnml|CloudReconfiguration-PT-309|2585|3095|1|1|1|0.0
reconf_3_10.pnml|CloudReconfiguration-PT-310|2585|3095|1|1|1|0.0
reconf_3_11.pnml|CloudReconfiguration-PT-311|2585|3095|1|1|1|0.0
reconf_3_12.pnml|CloudReconfiguration-PT-312|2585|3095|1|1|1|0.0
reconf_3_13.pnml|CloudReconfiguration-PT-313|2585|3095|1|1|1|0.0
reconf_3_14.pnml|CloudReconfiguration-PT-314|2585|3095|1|1|1|0.0
reconf_3_15.pnml|CloudReconfiguration-PT-315|2585|3095|1|1|1|0.0
reconf_3_16.pnml|CloudReconfiguration-PT-316|2585|3095|1|1|1|0.0
reconf_3_17.pnml|CloudReconfiguration-PT-317|2587|3099|1|1|1|0.0
reconf_3_18.pnml|CloudReconfiguration-PT-318|2587|3099|1|1|1|0.0
reconf_3_19.pnml|CloudReconfiguration-PT-319|2587|3099|1|1|1|0.0
reconf_3_20.pnml|CloudReconfiguration-PT-320|2587|3099|1|1|1|0.0
reconf_4_01.pnml|CloudReconfiguration-PT-401|3554|4263|1|1|1|0.0
reconf_4_02.pnml|CloudReconfiguration-PT-402|3554|4263|1|1|1|0.0
cs_repetitions-10-unfolded.pnml|CSRepetitions-PT-10|1311|2300|1|1|1|0.0
cs_repetitions-2-unfolded.pnml|CSRepetitions-PT-02|23|28|1|1|1|0.0
cs_repetitions-3-unfolded.pnml|CSRepetitions-PT-03|58|81|1|1|1|0.0
cs_repetitions-4-unfolded.pnml|CSRepetitions-PT-04|117|176|1|1|1|0.0
cs_repetitions-5-unfolded.pnml|CSRepetitions-PT-05|206|325|1|1|1|0.0
cs_repetitions-7-unfolded.pnml|CSRepetitions-PT-07|498|833|1|1|1|0.0
database10UNFOLD.pnml|DatabaseWithMutex-PT-10|830|800|1|1|1|0.0
database20UNFOLD.pnml|DatabaseWithMutex-PT-20|3260|3200|1|1|1|0.0
database2UNFOLD.pnml|DatabaseWithMutex-PT-02|38|32|1|1|1|0.0
database40UNFOLD.pnml|DatabaseWithMutex-PT-40|12920|12800|1|1|1|0.0
database4UNFOLD.pnml|DatabaseWithMutex-PT-04|140|128|1|1|1|0.0
dekker-100.pnml|Dekker-PT-100|500|10200|1|1|1|0.0
dekker-10.pnml|Dekker-PT-010|50|120|1|1|1|0.0
dekker-15.pnml|Dekker-PT-015|75|255|1|1|1|0.0
dekker-200.pnml|Dekker-PT-200|1000|40400|1|1|1|0.0
dekker-20.pnml|Dekker-PT-020|100|440|1|1|1|0.0
dekker-50.pnml|Dekker-PT-050|250|2600|1|1|1|0.0
des_00_a.pnml|DES-PT-00a|115|76|1|1|1|0.0
des_00_b.pnml|DES-PT-00b|271|230|1|1|1|0.0
des_01_a.pnml|DES-PT-01a|119|76|1|1|1|0.0
des_01_b.pnml|DES-PT-01b|284|235|1|1|1|0.0
des_02_a.pnml|DES-PT-02a|123|80|1|1|1|0.0
des_02_b.pnml|DES-PT-02b|288|239|1|1|1|0.0
des_05_a.pnml|DES-PT-05a|135|92|1|1|1|0.0
des_05_b.pnml|DES-PT-05b|300|251|1|1|1|0.0
des_10_a.pnml|DES-PT-10a|155|112|1|1|1|0.0
des_10_b.pnml|DES-PT-10b|320|271|1|1|1|0.0
des_20_a.pnml|DES-PT-20a|195|152|1|1|1|0.0
des_20_b.pnml|DES-PT-20b|360|311|1|1|1|0.0
des_30_a.pnml|DES-PT-30a|234|191|1|1|1|0.0
des_30_b.pnml|DES-PT-30b|399|350|1|1|1|0.0
des_40_a.pnml|DES-PT-40a|274|231|1|1|1|0.0
des_40_b.pnml|DES-PT-40b|439|390|1|1|1|0.0
des_50_a.pnml|DES-PT-50a|314|271|1|1|1|0.0
des_50_b.pnml|DES-PT-50b|479|430|1|1|1|0.0
des_60_a.pnml|DES-PT-60a|354|311|1|1|1|0.0
des_60_b.pnml|DES-PT-60b|519|470|1|1|1|0.0
2D8_gradient_10x10_100.pnml|Diffusion2D-PT-D10N100|100|684|1|1|1|0.0
2D8_gradient_10x10_10.pnml|Diffusion2D-PT-D10N010|100|684|1|1|1|0.0
2D8_gradient_10x10_150.pnml|Diffusion2D-PT-D10N150|100|684|1|1|1|0.0
2D8_gradient_10x10_200.pnml|Diffusion2D-PT-D10N200|100|684|1|1|1|0.0
2D8_gradient_10x10_50.pnml|Diffusion2D-PT-D10N050|100|684|1|1|1|0.0
2D8_gradient_20x20_100.pnml|Diffusion2D-PT-D20N100|400|2964|1|1|1|0.0
2D8_gradient_20x20_10.pnml|Diffusion2D-PT-D20N010|400|2964|1|1|1|0.0
2D8_gradient_20x20_150.pnml|Diffusion2D-PT-D20N150|400|2964|1|1|1|0.0
2D8_gradient_20x20_50.pnml|Diffusion2D-PT-D20N050|400|2964|1|1|1|0.0
2D8_gradient_30x30_100.pnml|Diffusion2D-PT-D30N100|900|6844|1|1|1|0.0
2D8_gradient_30x30_10.pnml|Diffusion2D-PT-D30N010|900|6844|1|1|1|0.0
2D8_gradient_30x30_150.pnml|Diffusion2D-PT-D30N150|900|6844|1|1|1|0.0
2D8_gradient_30x30_50.pnml|Diffusion2D-PT-D30N050|900|6844|1|1|1|0.0
2D8_gradient_40x40_100.pnml|Diffusion2D-PT-D40N100|1600|12324|1|1|1|0.0
2D8_gradient_40x40_10.pnml|Diffusion2D-PT-D40N010|1600|12324|1|1|1|0.0
2D8_gradient_40x40_150.pnml|Diffusion2D-PT-D40N150|1600|12324|1|1|1|0.0
2D8_gradient_40x40_50.pnml|Diffusion2D-PT-D40N050|1600|12324|1|1|1|0.0
2D8_gradient_50x50_100.pnml|Diffusion2D-PT-D50N100|2500|19404|1|1|1|0.0
2D8_gradient_50x50_10.pnml|Diffusion2D-PT-D50N010|2500|19404|1|1|1|0.0
2D8_gradient_50x50_150.pnml|Diffusion2D-PT-D50N150|2500|19404|1|1|1|0.0
2D8_gradient_50x50_50.pnml|Diffusion2D-PT-D50N050|2500|19404|1|1|1|0.0
2D8_gradient_5x5_100.pnml|Diffusion2D-PT-D05N100|25|144|1|1|1|0.0
2D8_gradient_5x5_10.pnml|Diffusion2D-PT-D05N010|25|144|1|1|1|0.0
2D8_gradient_5x5_150.pnml|Diffusion2D-PT-D05N150|25|144|1|1|1|0.0
2D8_gradient_5x5_200.pnml|Diffusion2D-PT-D05N200|25|144|1|1|1|0.0
2D8_gradient_5x5_250.pnml|Diffusion2D-PT-D05N250|25|144|1|1|1|0.0
2D8_gradient_5x5_300.pnml|Diffusion2D-PT-D05N300|25|144|1|1|1|0.0
2D8_gradient_5x5_350.pnml|Diffusion2D-PT-D05N350|25|144|1|1|1|0.0
2D8_gradient_5x5_50.pnml|Diffusion2D-PT-D05N050|25|144|1|1|1|0.0
discovery_06_a.pnml|DiscoveryGPU-PT-06a|63|85|1|1|1|0.0
discovery_06_b.pnml|DiscoveryGPU-PT-06b|184|194|1|1|1|0.0
discovery_07_a.pnml|DiscoveryGPU-PT-07a|73|99|1|1|1|0.0
discovery_07_b.pnml|DiscoveryGPU-PT-07b|212|224|1|1|1|0.0
discovery_08_a.pnml|DiscoveryGPU-PT-08a|83|113|1|1|1|0.0
discovery_08_b.pnml|DiscoveryGPU-PT-08b|240|254|1|1|1|0.0
discovery_09_a.pnml|DiscoveryGPU-PT-09a|93|127|1|1|1|0.0
discovery_09_b.pnml|DiscoveryGPU-PT-09b|268|284|1|1|1|0.0
discovery_10_a.pnml|DiscoveryGPU-PT-10a|103|141|1|1|1|0.0
discovery_10_b.pnml|DiscoveryGPU-PT-10b|296|314|1|1|1|0.0
discovery_11_a.pnml|DiscoveryGPU-PT-11a|113|155|1|1|1|0.0
discovery_11_b.pnml|DiscoveryGPU-PT-11b|324|344|1|1|1|0.0
discovery_12_a.pnml|DiscoveryGPU-PT-12a|123|169|1|1|1|0.0
discovery_12_b.pnml|DiscoveryGPU-PT-12b|352|374|1|1|1|0.0
discovery_13_a.pnml|DiscoveryGPU-PT-13a|133|183|1|1|1|0.0
discovery_13_b.pnml|DiscoveryGPU-PT-13b|380|404|1|1|1|0.0
discovery_14_a.pnml|DiscoveryGPU-PT-14a|143|197|1|1|1|0.0
discovery_14_b.pnml|DiscoveryGPU-PT-14b|408|434|1|1|1|0.0
discovery_15_a.pnml|DiscoveryGPU-PT-15a|153|211|1|1|1|0.0
discovery_15_b.pnml|DiscoveryGPU-PT-15b|436|464|1|1|1|0.0
dlcfbar_2_a.pnml|DLCflexbar-PT-2a|353|2169|1|1|1|0.0
dlcfbar_2_b.pnml|DLCflexbar-PT-2b|4456|6272|1|1|1|0.0
dlcfbar_3_a.pnml|DLCflexbar-PT-3a|581|3891|1|1|1|0.0
dlcfbar_3_b.pnml|DLCflexbar-PT-3b|7245|10555|1|1|1|0.0
dlcfbar_4_a.pnml|DLCflexbar-PT-4a|927|6615|1|1|1|0.0
dlcfbar_4_b.pnml|DLCflexbar-PT-4b|11440|17128|1|1|1|0.0
dlcfbar_5_a.pnml|DLCflexbar-PT-5a|1415|10593|1|1|1|0.0
dlcfbar_5_b.pnml|DLCflexbar-PT-5b|17305|26483|1|1|1|0.0
dlcfbar_6_a.pnml|DLCflexbar-PT-6a|2069|16077|1|1|1|0.0
dlcfbar_6_b.pnml|DLCflexbar-PT-6b|25104|39112|1|1|1|0.0
dlcfbar_7_a.pnml|DLCflexbar-PT-7a|2913|23319|1|1|1|0.0
dlcfbar_7_b.pnml|DLCflexbar-PT-7b|35101|55507|1|1|1|0.0
dlcfbar_8_a.pnml|DLCflexbar-PT-8a|3971|32571|1|1|1|0.0
dlcfbar_8_b.pnml|DLCflexbar-PT-8b|47560|76160|1|1|1|0.0
dlcro_03_a.pnml|DLCround-PT-03a|113|617|1|1|1|0.0
dlcro_03_b.pnml|DLCround-PT-03b|1383|1887|1|1|1|0.0
dlcro_04_a.pnml|DLCround-PT-04a|139|823|1|1|1|0.0
dlcro_04_b.pnml|DLCround-PT-04b|1680|2364|1|1|1|0.0
dlcro_05_a.pnml|DLCround-PT-05a|167|1055|1|1|1|0.0
dlcro_05_b.pnml|DLCround-PT-05b|1999|2887|1|1|1|0.0
dlcro_06_a.pnml|DLCround-PT-06a|197|1313|1|1|1|0.0
dlcro_06_b.pnml|DLCround-PT-06b|2340|3456|1|1|1|0.0
dlcro_07_a.pnml|DLCround-PT-07a|229|1597|1|1|1|0.0
dlcro_07_b.pnml|DLCround-PT-07b|2703|4071|1|1|1|0.0
dlcro_08_a.pnml|DLCround-PT-08a|263|1907|1|1|1|0.0
dlcro_08_b.pnml|DLCround-PT-08b|3088|4732|1|1|1|0.0
dlcro_09_a.pnml|DLCround-PT-09a|299|2243|1|1|1|0.0
dlcro_09_b.pnml|DLCround-PT-09b|3495|5439|1|1|1|0.0
dlcro_10_a.pnml|DLCround-PT-10a|337|2605|1|1|1|0.0
dlcro_10_b.pnml|DLCround-PT-10b|3924|6192|1|1|1|0.0
dlcro_11_a.pnml|DLCround-PT-11a|377|2993|1|1|1|0.0
dlcro_11_b.pnml|DLCround-PT-11b|4375|6991|1|1|1|0.0
dlcro_12_a.pnml|DLCround-PT-12a|419|3407|1|1|1|0.0
dlcro_12_b.pnml|DLCround-PT-12b|4848|7836|1|1|1|0.0
dlcro_13_a.pnml|DLCround-PT-13a|463|3847|1|1|1|0.0
dlcro_13_b.pnml|DLCround-PT-13b|5343|8727|1|1|1|0.0
dlcsh_2_a.pnml|DLCshifumi-PT-2a|188|888|1|1|1|0.0
dlcsh_2_b.pnml|DLCshifumi-PT-2b|2483|3183|1|1|1|0.0
dlcsh_3_a.pnml|DLCshifumi-PT-3a|544|3097|1|1|1|0.0
dlcsh_3_b.pnml|DLCshifumi-PT-3b|7058|9611|1|1|1|0.0
dlcsh_4_a.pnml|DLCshifumi-PT-4a|1178|7504|1|1|1|0.0
dlcsh_4_b.pnml|DLCshifumi-PT-4b|15015|21341|1|1|1|0.0
dlcsh_5_a.pnml|DLCshifumi-PT-5a|2162|14865|1|1|1|0.0
dlcsh_5_b.pnml|DLCshifumi-PT-5b|27146|39849|1|1|1|0.0
dlcsh_6_a.pnml|DLCshifumi-PT-6a|3568|25936|1|1|1|0.0
dlcsh_6_b.pnml|DLCshifumi-PT-6b|44243|66611|1|1|1|0.0
dnawalk-01.pnml|DNAwalker-PT-01track12Block1|13|82|1|2|1.6639004149377594|0.4733565147343953
dnawalk-02.pnml|DNAwalker-PT-02track12Block2|14|84|1|2|1.6557377049180328|0.4761037304977644
dnawalk-03.pnml|DNAwalker-PT-03track12BlockBoth|14|84|1|2|1.6557377049180328|0.4761037304977644
dnawalk-04.pnml|DNAwalker-PT-04track28LL|34|250|1|2|1.6538461538461537|0.4760700403448373
dnawalk-05.pnml|DNAwalker-PT-05track28LR|34|250|1|2|1.6538461538461537|0.4760700403448373
dnawalk-06.pnml|DNAwalker-PT-06track28RL|34|250|1|2|1.6538461538461537|0.4760700403448373
dnawalk-07.pnml|DNAwalker-PT-07track28RR|34|250|1|2|1.6538461538461537|0.4760700403448373
dnawalk-08.pnml|DNAwalker-PT-08ringLL|27|260|1|2|1.6526315789473685|0.47644757143836874
dnawalk-09.pnml|DNAwalker-PT-09ringLR|27|260|1|2|1.6526315789473685|0.47644757143836874
dnawalk-10.pnml|DNAwalker-PT-10ringRL|27|260|1|2|1.6526315789473685|0.47644757143836874
dnawalk-11.pnml|DNAwalker-PT-11ringRR|27|260|1|2|1.6526315789473685|0.47644757143836874
dnawalk-12.pnml|DNAwalker-PT-12ringLLLarge|33|312|1|2|1.6550218340611353|0.4756208477133686
dnawalk-13.pnml|DNAwalker-PT-13ringRLLarge|33|312|1|2|1.6550218340611353|0.4756208477133686
dnawalk-14.pnml|DNAwalker-PT-14ringLRLarge|33|312|1|2|1.6550218340611353|0.4756208477133686
dnawalk-15.pnml|DNAwalker-PT-15ringRRLarge|33|312|1|2|1.6550218340611353|0.4756208477133686
dnawalk-16.pnml|DNAwalker-PT-16redondantChoiceR|43|490|1|2|1.6536856745479833|0.4759603454802259
dnawalk-17.pnml|DNAwalker-PT-17redondantChoiceL|43|490|1|2|1.6536856745479833|0.4759603454802259
dnawalk-18.pnml|DNAwalker-PT-18lozangeBlock|164|3697|1|2|1.6549825656083685|0.4753957742894892
doubleexponent_001.pnml|DoubleExponent-PT-001|57|48|1|1|1|0.0
doubleexponent_002.pnml|DoubleExponent-PT-002|110|98|1|1|1|0.0
doubleexponent_003.pnml|DoubleExponent-PT-003|163|148|1|1|1|0.0
doubleexponent_004.pnml|DoubleExponent-PT-004|216|198|1|1|1|0.0
doubleexponent_010.pnml|DoubleExponent-PT-010|534|498|1|1|1|0.0
doubleexponent_020.pnml|DoubleExponent-PT-020|1064|998|1|1|1|0.0
doubleexponent_100.pnml|DoubleExponent-PT-100|5304|4998|1|1|1|0.0
doubleexponent_200.pnml|DoubleExponent-PT-200|10604|9998|1|1|1|0.0
distributeur-01-unfolded-02.pnml|DrinkVendingMachine-PT-02|24|72|1|3|1.2181818181818183|0.4938218427985266
distributeur-01-unfolded-10.pnml|DrinkVendingMachine-PT-10|120|111160|1|3|1.0584499084284769|0.24275550375399976
echo-d2r11.pnml|Echo-PT-d02r11|1119|874|1|1|1|0.0
echo-d2r15.pnml|Echo-PT-d02r15|2127|1674|1|1|1|0.0
echo-d2r19.pnml|Echo-PT-d02r19|3455|2730|1|1|1|0.0
echo-d2r9.pnml|Echo-PT-d02r09|735|570|1|1|1|0.0
echo-d3r3.pnml|Echo-PT-d03r03|265|206|1|1|1|0.0
echo-d3r5.pnml|Echo-PT-d03r05|1445|1190|1|1|1|0.0
echo-d3r7.pnml|Echo-PT-d03r07|4209|3518|1|1|1|0.0
echo-d4r3.pnml|Echo-PT-d04r03|1019|850|1|1|1|0.0
echo-d5r3.pnml|Echo-PT-d05r03|3717|3222|1|1|1|0.0
Egfr-020-1-0.pnml|EGFr-PT-02010|40|68|1|1|1|0.0
Egfr-104-2-0.pnml|EGFr-PT-10420|208|378|1|1|1|0.0
Egfr-104-2-1.pnml|EGFr-PT-10421|208|378|1|1|1|0.0
Election2020.pnml|US Election 2020 model|53|102|1|55|10.411764705882353|9.723622083725928
EnergyBus.pnml|EnergyBus-PT-none|157|4430|1|1|1|0.0
eratosthenes-010.pnml|Eratosthenes-PT-010|9|8|1|1|1|0.0
eratosthenes-020.pnml|Eratosthenes-PT-020|19|27|1|1|1|0.0
eratosthenes-050.pnml|Eratosthenes-PT-050|49|108|1|1|1|0.0
eratosthenes-100.pnml|Eratosthenes-PT-100|99|283|1|1|1|0.0
eratosthenes-200.pnml|Eratosthenes-PT-200|199|699|1|1|1|0.0
eratosthenes-500.pnml|Eratosthenes-PT-500|499|2191|1|1|1|0.0
erk-000001.pnml|ERK-PT-000001|11|11|1|1|1|0.0
erk-000010.pnml|ERK-PT-000010|11|11|1|1|1|0.0
erk-000100.pnml|ERK-PT-000100|11|11|1|1|1|0.0
erk-001000.pnml|ERK-PT-001000|11|11|1|1|1|0.0
erk-010000.pnml|ERK-PT-010000|11|11|1|1|1|0.0
erk-100000.pnml|ERK-PT-100000|11|11|1|1|1|0.0
FamilyReunion-L100-M10-C5-P5-G2-unfolded.pnml|FamilyReunion-PT-L00100M0010C005P005G002|40605|36871|1|1|1|0.0
FamilyReunion-L10-M1-C1-P1-G1-unfolded.pnml|FamilyReunion-PT-L00010M0001C001P001G001|1475|1234|1|1|1|0.0
FamilyReunion-L200-M20-C10-P10-G5-unfolded.pnml|FamilyReunion-PT-L00200M0020C010P010G005|143908|134279|1|1|1|0.0
FamilyReunion-L20-M2-C1-P1-G1-unfolded.pnml|FamilyReunion-PT-L00020M0002C001P001G001|3271|2753|1|1|1|0.0
FamilyReunion-L400-M40-C20-P20-G10-unfolded.pnml|FamilyReunion-PT-L00400M0040C020P020G001|537708|508489|1|1|1|0.0
FamilyReunion-L50-M5-C2-P2-G1-unfolded.pnml|FamilyReunion-PT-L00050M0005C002P002G001|12194|10560|1|1|1|0.0
flexbar_04_a.pnml|FlexibleBarrier-PT-04a|51|88|1|1|1|0.0
flexbar_04_b.pnml|FlexibleBarrier-PT-04b|268|305|1|1|1|0.0
flexbar_06_a.pnml|FlexibleBarrier-PT-06a|75|154|1|1|1|0.0
flexbar_06_b.pnml|FlexibleBarrier-PT-06b|542|621|1|1|1|0.0
flexbar_08_a.pnml|FlexibleBarrier-PT-08a|99|236|1|1|1|0.0
flexbar_08_b.pnml|FlexibleBarrier-PT-08b|920|1057|1|1|1|0.0
flexbar_10_a.pnml|FlexibleBarrier-PT-10a|123|334|1|1|1|0.0
flexbar_10_b.pnml|FlexibleBarrier-PT-10b|1402|1613|1|1|1|0.0
flexbar_12_a.pnml|FlexibleBarrier-PT-12a|147|448|1|1|1|0.0
flexbar_12_b.pnml|FlexibleBarrier-PT-12b|1988|2289|1|1|1|0.0
flexbar_14_a.pnml|FlexibleBarrier-PT-14a|171|578|1|1|1|0.0
flexbar_14_b.pnml|FlexibleBarrier-PT-14b|2678|3085|1|1|1|0.0
flexbar_16_a.pnml|FlexibleBarrier-PT-16a|195|724|1|1|1|0.0
flexbar_16_b.pnml|FlexibleBarrier-PT-16b|3472|4001|1|1|1|0.0
flexbar_18_a.pnml|FlexibleBarrier-PT-18a|219|886|1|1|1|0.0
flexbar_18_b.pnml|FlexibleBarrier-PT-18b|4370|5037|1|1|1|0.0
flexbar_20_a.pnml|FlexibleBarrier-PT-20a|243|1064|1|1|1|0.0
flexbar_20_b.pnml|FlexibleBarrier-PT-20b|5372|6193|1|1|1|0.0
flexbar_22_a.pnml|FlexibleBarrier-PT-22a|267|1258|1|1|1|0.0
flexbar_22_b.pnml|FlexibleBarrier-PT-22b|6478|7469|1|1|1|0.0
FMS-10000.pnml|FMS-PT-10000|22|20|1|1|1|0.0
FMS-1000.pnml|FMS-PT-01000|22|20|1|1|1|0.0
FMS-100.pnml|FMS-PT-00100|22|20|1|1|1|0.0
FMS-10.pnml|FMS-PT-00010|22|20|1|1|1|0.0
FMS-20000.pnml|FMS-PT-20000|22|20|1|1|1|0.0
FMS-2000.pnml|FMS-PT-02000|22|20|1|1|1|0.0
FMS-200.pnml|FMS-PT-00200|22|20|1|1|1|0.0
FMS-20.pnml|FMS-PT-00020|22|20|1|1|1|0.0
FMS-2.pnml|FMS-PT-00002|22|20|1|1|1|0.0
FMS-50000.pnml|FMS-PT-50000|22|20|1|1|1|0.0
FMS-5000.pnml|FMS-PT-05000|22|20|1|1|1|0.0
FMS-500.pnml|FMS-PT-00500|22|20|1|1|1|0.0
FMS-50.pnml|FMS-PT-00050|22|20|1|1|1|0.0
FMS-5.pnml|FMS-PT-00005|22|20|1|1|1|0.0
galloc_res-3.pnml|GlobalResAllocation-PT-03|33|4791|1|4|1.5450946910897236|0.9649681276860997
galloc_res-5.pnml|GlobalResAllocation-PT-05|75|56105|1|4|1.449133452390616|0.9449988446529336
G-PPP-1000-1000.pnml|GPPP-PT-C1000N0000001000|33|22|1|7000|675.6144578313254|1906.7093594074156
G-PPP-1000-100.pnml|GPPP-PT-C1000N0000000100|33|22|1|7000|675.6144578313254|1906.7093594074156
G-PPP-1000-10.pnml|GPPP-PT-C1000N0000000010|33|22|1|7000|675.6144578313254|1906.7093594074156
G-PPP-100-100000.pnml|GPPP-PT-C0100N0000100000|33|22|1|700|68.3855421686747|190.3759971115762
G-PPP-100-10000.pnml|GPPP-PT-C0100N0000010000|33|22|1|700|68.3855421686747|190.3759971115762
G-PPP-100-1000.pnml|GPPP-PT-C0100N0000001000|33|22|1|700|68.3855421686747|190.3759971115762
G-PPP-100-100.pnml|GPPP-PT-C0100N0000000100|33|22|1|700|68.3855421686747|190.3759971115762
G-PPP-100-10.pnml|GPPP-PT-C0100N0000000010|33|22|1|700|68.3855421686747|190.3759971115762
G-PPP-10-1000000000.pnml|GPPP-PT-C0010N1000000000|33|22|1|70|7.662650602409639|18.74428505323477
G-PPP-10-100.pnml|GPPP-PT-C0010N0000000100|33|22|1|70|7.662650602409639|18.74428505323477
G-PPP-10-10.pnml|GPPP-PT-C0010N0000000010|33|22|1|70|7.662650602409639|18.74428505323477
G-PPP-1-100000.pnml|GPPP-PT-C0001N0000100000|33|22|1|7|1.5903614457831325|1.6005802650404348
G-PPP-1-10000.pnml|GPPP-PT-C0001N0000010000|33|22|1|7|1.5903614457831325|1.6005802650404348
G-PPP-1-1000.pnml|GPPP-PT-C0001N0000001000|33|22|1|7|1.5903614457831325|1.6005802650404348
G-PPP-1-100.pnml|GPPP-PT-C0001N0000000100|33|22|1|7|1.5903614457831325|1.6005802650404348
G-PPP-1-10.pnml|GPPP-PT-C0001N0000000010|33|22|1|7|1.5903614457831325|1.6005802650404348
G-PPP-1-1.pnml|GPPP-PT-C0001N0000000001|33|22|1|7|1.5903614457831325|1.6005802650404348
gpufp_04_a.pnml|GPUForwardProgress-PT-04a|24|29|1|1|1|0.0
gpufp_04_b.pnml|GPUForwardProgress-PT-04b|112|117|1|1|1|0.0
gpufp_08_a.pnml|GPUForwardProgress-PT-08a|40|49|1|1|1|0.0
gpufp_08_b.pnml|GPUForwardProgress-PT-08b|188|197|1|1|1|0.0
gpufp_12_a.pnml|GPUForwardProgress-PT-12a|56|69|1|1|1|0.0
gpufp_12_b.pnml|GPUForwardProgress-PT-12b|264|277|1|1|1|0.0
gpufp_16_a.pnml|GPUForwardProgress-PT-16a|72|89|1|1|1|0.0
gpufp_16_b.pnml|GPUForwardProgress-PT-16b|340|357|1|1|1|0.0
gpufp_20_a.pnml|GPUForwardProgress-PT-20a|88|109|1|1|1|0.0
gpufp_20_b.pnml|GPUForwardProgress-PT-20b|416|437|1|1|1|0.0
gpufp_24_a.pnml|GPUForwardProgress-PT-24a|104|129|1|1|1|0.0
gpufp_24_b.pnml|GPUForwardProgress-PT-24b|492|517|1|1|1|0.0
gpufp_28_a.pnml|GPUForwardProgress-PT-28a|120|149|1|1|1|0.0
gpufp_28_b.pnml|GPUForwardProgress-PT-28b|568|597|1|1|1|0.0
gpufp_32_a.pnml|GPUForwardProgress-PT-32a|136|169|1|1|1|0.0
gpufp_32_b.pnml|GPUForwardProgress-PT-32b|644|677|1|1|1|0.0
gpufp_36_a.pnml|GPUForwardProgress-PT-36a|152|189|1|1|1|0.0
gpufp_36_b.pnml|GPUForwardProgress-PT-36b|720|757|1|1|1|0.0
gpufp_40_a.pnml|GPUForwardProgress-PT-40a|168|209|1|1|1|0.0
gpufp_40_b.pnml|GPUForwardProgress-PT-40b|796|837|1|1|1|0.0
hrec_01.pnml|HealthRecord-PT-01|117|218|1|1|1|0.0
hrec_02.pnml|HealthRecord-PT-02|119|225|1|1|1|0.0
hrec_03.pnml|HealthRecord-PT-03|121|232|1|1|1|0.0
hrec_04.pnml|HealthRecord-PT-04|123|239|1|1|1|0.0
hrec_05.pnml|HealthRecord-PT-05|125|246|1|1|1|0.0
hrec_06.pnml|HealthRecord-PT-06|154|319|1|1|1|0.0
hrec_07.pnml|HealthRecord-PT-07|155|320|1|1|1|0.0
hrec_08.pnml|HealthRecord-PT-08|156|326|1|1|1|0.0
hrec_09.pnml|HealthRecord-PT-09|157|327|1|1|1|0.0
hrec_10.pnml|HealthRecord-PT-10|158|333|1|1|1|0.0
hrec_11.pnml|HealthRecord-PT-11|159|334|1|1|1|0.0
hrec_12.pnml|HealthRecord-PT-12|160|340|1|1|1|0.0
hrec_13.pnml|HealthRecord-PT-13|161|341|1|1|1|0.0
hrec_14.pnml|HealthRecord-PT-14|162|347|1|1|1|0.0
hrec_15.pnml|HealthRecord-PT-15|163|348|1|1|1|0.0
hrec_16.pnml|HealthRecord-PT-16|453|594|1|1|1|0.0
hrec_17.pnml|HealthRecord-PT-17|624|828|1|1|1|0.0
hxg_110.pnml|HexagonalGrid-PT-110|31|42|1|1|1|0.0
hxg_126.pnml|HexagonalGrid-PT-126|31|42|1|1|1|0.0
hxg_226.pnml|HexagonalGrid-PT-226|169|270|1|1|1|0.0
hxg_316.pnml|HexagonalGrid-PT-316|421|714|1|1|1|0.0
hxg_410.pnml|HexagonalGrid-PT-410|787|1374|1|1|1|0.0
hxg_516.pnml|HexagonalGrid-PT-516|1267|2250|1|1|1|0.0
hxg_816.pnml|HexagonalGrid-PT-816|3391|6174|1|1|1|0.0
HSalgo_05.pnml|leader|124|111|1|1|1|0.0
HSalgo_10.pnml|leader|260|236|1|1|1|0.0
HSalgo_15.pnml|leader|330|296|1|1|1|0.0
HSalgo_20.pnml|leader|530|485|1|1|1|0.0
HSalgo_25.pnml|leader|600|545|1|1|1|0.0
HSalgo_30.pnml|leader|670|605|1|1|1|0.0
HSalgo_35.pnml|leader|998|922|1|1|1|0.0
HSalgo_40.pnml|leader|1068|982|1|1|1|0.0
HSalgo_45.pnml|leader|1138|1042|1|1|1|0.0
HSalgo_50.pnml|leader|1208|1102|1|1|1|0.0
model.pnml|HospitalTriage-PT-none|245|228|1|1|1|0.0
HouseConstruction-002.pnml|HouseConstruction-PT-00002|26|18|1|1|1|0.0
HouseConstruction-005.pnml|HouseConstruction-PT-00005|26|18|1|1|1|0.0
HouseConstruction-010.pnml|HouseConstruction-PT-00010|26|18|1|1|1|0.0
HouseConstruction-020.pnml|HouseConstruction-PT-00020|26|18|1|1|1|0.0
HouseConstruction-050.pnml|HouseConstruction-PT-00050|26|18|1|1|1|0.0
HouseConstruction-1000.pnml|HouseConstruction-PT-01000|26|18|1|1|1|0.0
HouseConstruction-100.pnml|HouseConstruction-PT-00100|26|18|1|1|1|0.0
HouseConstruction-16000.pnml|HouseConstruction-PT-16000|26|18|1|1|1|0.0
HouseConstruction-2000.pnml|HouseConstruction-PT-02000|26|18|1|1|1|0.0
HouseConstruction-200.pnml|HouseConstruction-PT-00200|26|18|1|1|1|0.0
HouseConstruction-32000.pnml|HouseConstruction-PT-32000|26|18|1|1|1|0.0
HouseConstruction-4000.pnml|HouseConstruction-PT-04000|26|18|1|1|1|0.0
HouseConstruction-500.pnml|HouseConstruction-PT-00500|26|18|1|1|1|0.0
HouseConstruction-8000.pnml|HouseConstruction-PT-08000|26|18|1|1|1|0.0
hc3k4p4b12.pnml|HypercubeGrid-PT-C3K4P4B12|1408|2400|1|1|1|0.0
hc4k3p3b12.pnml|HypercubeGrid-PT-C4K3P3B12|2457|5400|1|1|1|0.0
hc5k3p3b15.pnml|HypercubeGrid-PT-C5K3P3B15|9153|25110|1|1|1|0.0
ht_d2k1p8b00.pnml|HypertorusGrid-PT-d2k1p8b00|13|16|1|1|1|0.0
ht_d2k2p1b00.pnml|HypertorusGrid-PT-d2k2p1b00|52|64|1|1|1|0.0
ht_d2k3p2b04.pnml|HypertorusGrid-PT-d2k3p2b04|117|144|1|1|1|0.0
ht_d3k3p2b06.pnml|HypertorusGrid-PT-d3k3p2b06|513|972|1|1|1|0.0
ht_d4k3p2b08.pnml|HypertorusGrid-PT-d4k3p2b08|2025|5184|1|1|1|0.0
ht_d5k3p2b10.pnml|HypertorusGrid-PT-d5k3p2b10|7533|24300|1|1|1|0.0
IBM319.pnml|IBM319-PT-none|253|178|1|1|1|0.0
IBM5964.pnml|IBM5964-PT-none|263|139|1|1|1|0.0
IBM703.pnml|IBM703-PT-none|262|284|1|1|1|0.0
IBMB2S565S3960.pnml|IBMB2S565S3960-PT-none|273|179|1|1|1|0.0
IOTP_c12m10p15d17.pnml|IOTPpurchase-PT-C12M10P15D17|111|45|1|1|1|0.0
IOTP_c1m1p1d1.pnml|IOTPpurchase-PT-C01M01P01D01|111|45|1|1|1|0.0
IOTP_c3m3p3d3.pnml|IOTPpurchase-PT-C03M03P03D03|111|45|1|1|1|0.0
IOTP_c5m4p3d2.pnml|IOTPpurchase-PT-C05M04P03D02|111|45|1|1|1|0.0
joinFree-1000.pnml|JoinFreeModules-PT-1000|5001|8001|1|1000|89.12277193287541|281.098244087538
joinFree-100.pnml|JoinFreeModules-PT-0100|501|801|1|100|10.860990443092962|27.52941232177282
joinFree-10.pnml|JoinFreeModules-PT-0010|51|81|1|10|3.0258620689655173|2.477469756924812
joinFree-2000.pnml|JoinFreeModules-PT-2000|10001|16001|1|2000|176.07934437633148|562.8682010332222
joinFree-200.pnml|JoinFreeModules-PT-0200|1001|1601|1|200|19.55714906562364|55.69231825002143
joinFree-20.pnml|JoinFreeModules-PT-0020|101|161|1|20|3.9004329004329006|5.1133401119712305
joinFree-3.pnml|JoinFreeModules-PT-0003|16|25|1|5|2.3943661971830985|1.2590117807168857
joinFree-4.pnml|JoinFreeModules-PT-0004|21|33|1|5|2.4893617021276597|1.325877115659415
joinFree-5000.pnml|JoinFreeModules-PT-5000|25001|40001|1|5000|436.9489400184345|1408.1813801075252
joinFree-500.pnml|JoinFreeModules-PT-0500|2501|4001|1|500|45.64440966788385|140.21534223978867
joinFree-50.pnml|JoinFreeModules-PT-0050|251|401|1|50|6.512152777777778|13.470301660038412
joinFree-5.pnml|JoinFreeModules-PT-0005|26|41|1|5|2.5811965811965814|1.4457984087032676
Kanban-10000.pnml|Kanban-PT-10000|16|16|1|1|1|0.0
Kanban-1000.pnml|Kanban-PT-01000|16|16|1|1|1|0.0
Kanban-100.pnml|Kanban-PT-00100|16|16|1|1|1|0.0
Kanban-10.pnml|Kanban-PT-00010|16|16|1|1|1|0.0
Kanban-20000.pnml|Kanban-PT-20000|16|16|1|1|1|0.0
Kanban-2000.pnml|Kanban-PT-02000|16|16|1|1|1|0.0
Kanban-200.pnml|Kanban-PT-00200|16|16|1|1|1|0.0
Kanban-20.pnml|Kanban-PT-00020|16|16|1|1|1|0.0
Kanban-50000.pnml|Kanban-PT-50000|16|16|1|1|1|0.0
Kanban-5000.pnml|Kanban-PT-05000|16|16|1|1|1|0.0
Kanban-500.pnml|Kanban-PT-00500|16|16|1|1|1|0.0
Kanban-50.pnml|Kanban-PT-00050|16|16|1|1|1|0.0
Kanban-5.pnml|Kanban-PT-00005|16|16|1|1|1|0.0
lamport_fmea-2.pnml|LamportFastMutEx-PT-2|69|96|1|1|1|0.0
lamport_fmea-3.pnml|LamportFastMutEx-PT-3|100|156|1|1|1|0.0
lamport_fmea-4.pnml|LamportFastMutEx-PT-4|135|230|1|1|1|0.0
lamport_fmea-5.pnml|LamportFastMutEx-PT-5|174|318|1|1|1|0.0
lamport_fmea-6.pnml|LamportFastMutEx-PT-6|217|420|1|1|1|0.0
lamport_fmea-7.pnml|LamportFastMutEx-PT-7|264|536|1|1|1|0.0
lamport_fmea-8.pnml|LamportFastMutEx-PT-8|315|666|1|1|1|0.0
LeafsetExtension-08_2.pnml|gen|462|409|1|1|1|0.0
LeafsetExtension-08_3.pnml|gen|462|409|1|1|1|0.0
LeafsetExtension-08_4.pnml|gen|462|409|1|1|1|0.0
LeafsetExtension-16_2.pnml|gen|1542|1449|1|1|1|0.0
LeafsetExtension-16_3.pnml|gen|1542|1449|1|1|1|0.0
LeafsetExtension-16_4.pnml|gen|1542|1449|1|1|1|0.0
LeafsetExtension-32_2.pnml|gen|5622|5449|1|1|1|0.0
LeafsetExtension-32_3.pnml|gen|5622|5449|1|1|1|0.0
LeafsetExtension-32_4.pnml|gen|5622|5449|1|1|1|0.0
LeafsetExtension-64_2.pnml|gen|21462|21129|1|1|1|0.0
LeafsetExtension-64_3.pnml|gen|21462|21129|1|1|1|0.0
LeafsetExtension-64_4.pnml|gen|21462|21129|1|1|1|0.0
MAPKbis-53-1-0.pnml|MAPKbis-PT-5310|106|173|1|1|1|0.0
MAPKbis-53-2-0.pnml|MAPKbis-PT-5320|106|173|1|1|1|0.0
MAPK-10240.pnml|MAPK-PT-10240|22|30|1|1|1|0.0
MAPK-1280.pnml|MAPK-PT-01280|22|30|1|1|1|0.0
MAPK-160.pnml|MAPK-PT-00160|22|30|1|1|1|0.0
MAPK-20.pnml|MAPK-PT-00020|22|30|1|1|1|0.0
MAPK-2560.pnml|MAPK-PT-02560|22|30|1|1|1|0.0
MAPK-320.pnml|MAPK-PT-00320|22|30|1|1|1|0.0
MAPK-40.pnml|MAPK-PT-00040|22|30|1|1|1|0.0
MAPK-5120.pnml|MAPK-PT-05120|22|30|1|1|1|0.0
MAPK-640.pnml|MAPK-PT-00640|22|30|1|1|1|0.0
MAPK-80.pnml|MAPK-PT-00080|22|30|1|1|1|0.0
MAPK-8.pnml|MAPK-PT-00008|22|30|1|1|1|0.0
MultExtLset-s16c02.pnml|gen|2952|4255|1|1|1|0.0
MultExtLset-s16c03.pnml|gen|3606|5141|1|1|1|0.0
MultExtLset-s16c04.pnml|gen|4260|6027|1|1|1|0.0
MultExtLset-s16c05.pnml|gen|4914|6913|1|1|1|0.0
MultExtLset-s16c06.pnml|gen|5568|7799|1|1|1|0.0
MultExtLset-s16c07.pnml|gen|6222|8685|1|1|1|0.0
MultExtLset-s16c08.pnml|gen|6876|9571|1|1|1|0.0
MultExtLset-s24c02.pnml|gen|7032|10855|1|1|1|0.0
MultExtLset-s24c03.pnml|gen|8390|12757|1|1|1|0.0
MultExtLset-s24c04.pnml|gen|9748|14659|1|1|1|0.0
MultExtLset-s24c05.pnml|gen|11106|16561|1|1|1|0.0
MultExtLset-s24c06.pnml|gen|12464|18463|1|1|1|0.0
MultExtLset-s24c07.pnml|gen|13822|20365|1|1|1|0.0
MultExtLset-s24c08.pnml|gen|15180|22267|1|1|1|0.0
MultExtLset-s24c09.pnml|gen|16538|24169|1|1|1|0.0
MultExtLset-s24c10.pnml|gen|17896|26071|1|1|1|0.0
MultExtLset-s24c11.pnml|gen|19254|27973|1|1|1|0.0
MultExtLset-s24c12.pnml|gen|20612|29875|1|1|1|0.0
MultExtLset-s32c02.pnml|gen|13544|21807|1|1|1|0.0
MultExtLset-s32c03.pnml|gen|15862|25109|1|1|1|0.0
MultExtLset-s32c04.pnml|gen|18180|28411|1|1|1|0.0
MultExtLset-s32c05.pnml|gen|20498|31713|1|1|1|0.0
MultExtLset-s32c06.pnml|gen|22816|35015|1|1|1|0.0
MultExtLset-s32c07.pnml|gen|25134|38317|1|1|1|0.0
MultExtLset-s32c08.pnml|gen|27452|41619|1|1|1|0.0
MultExtLset-s32c09.pnml|gen|29770|44921|1|1|1|0.0
MultExtLset-s32c10.pnml|gen|32088|48223|1|1|1|0.0
MultExtLset-s32c11.pnml|gen|34406|51525|1|1|1|0.0
MultExtLset-s32c12.pnml|gen|36724|54827|1|1|1|0.0
MultiwaySync.pnml|MultiwaySync-PT-none|222|472|1|1|1|0.0
z_2d_3n_1m_c_1_2.pnml|NeighborGrid-PT-d2n3m1c12|9|40|1|1|1|0.0
z_2d_3n_1m_t_1_2.pnml|NeighborGrid-PT-d2n3m1t12|9|72|1|1|1|0.0
z_3d_3n_1m_t_1_1.pnml|NeighborGrid-PT-d3n3m1t11|27|162|1|1|1|0.0
z_4d_3n_2m_c_2_3.pnml|NeighborGrid-PT-d4n3m2c23|81|1632|1|1|1|0.0
z_5d_4n_1m_t_3_5.pnml|NeighborGrid-PT-d5n4m1t35|1024|196608|1|1|1|0.0
neoelection-2.unf.pnml|NeoElection-PT-2|438|357|1|1|1|0.0
neoelection-3.unf.pnml|NeoElection-PT-3|972|1016|1|1|1|0.0
neoelection-4.unf.pnml|NeoElection-PT-4|1830|2340|1|1|1|0.0
neoelection-5.unf.pnml|NeoElection-PT-5|3090|4674|1|1|1|0.0
neoelection-6.unf.pnml|NeoElection-PT-6|4830|8435|1|1|1|0.0
neoelection-7.unf.pnml|NeoElection-PT-7|7128|14112|1|1|1|0.0
neoelection-8.unf.pnml|NeoElection-PT-8|10062|22266|1|1|1|0.0
noc3x3_1_a.pnml|NoC3x3-PT-1A|165|355|1|1|1|0.0
noc3x3_1_b.pnml|NoC3x3-PT-1B|1416|1640|1|1|1|0.0
noc3x3_2_a.pnml|NoC3x3-PT-2A|361|428|1|1|1|0.0
noc3x3_2_b.pnml|NoC3x3-PT-2B|2003|2292|1|1|1|0.0
noc3x3_3_a.pnml|NoC3x3-PT-3A|370|450|1|1|1|0.0
noc3x3_3_b.pnml|NoC3x3-PT-3B|2117|2435|1|1|1|0.0
noc3x3_4_a.pnml|NoC3x3-PT-4A|293|608|1|1|1|0.0
noc3x3_4_b.pnml|NoC3x3-PT-4B|2328|2701|1|1|1|0.0
noc3x3_5_a.pnml|NoC3x3-PT-5A|417|933|1|1|1|0.0
noc3x3_5_b.pnml|NoC3x3-PT-5B|1571|2173|1|1|1|0.0
noc3x3_6_a.pnml|NoC3x3-PT-6A|512|1117|1|1|1|0.0
noc3x3_6_b.pnml|NoC3x3-PT-6B|1544|2229|1|1|1|0.0
noc3x3_7_a.pnml|NoC3x3-PT-7A|801|1544|1|1|1|0.0
noc3x3_7_b.pnml|NoC3x3-PT-7B|7014|8833|1|1|1|0.0
noc3x3_8_a.pnml|NoC3x3-PT-8A|317|4293|1|1|1|0.0
noc3x3_8_b.pnml|NoC3x3-PT-8B|9140|14577|1|1|1|0.0
NQueens-PT-05.pnml|NQueens-PT-05|55|25|1|1|1|0.0
NQueens-PT-08.pnml|NQueens-PT-08|112|64|1|1|1|0.0
NQueens-PT-10.pnml|NQueens-PT-10|160|100|1|1|1|0.0
NQueens-PT-12.pnml|NQueens-PT-12|216|144|1|1|1|0.0
NQueens-PT-15.pnml|NQueens-PT-15|315|225|1|1|1|0.0
NQueens-PT-20.pnml|NQueens-PT-20|520|400|1|1|1|0.0
NQueens-PT-25.pnml|NQueens-PT-25|775|625|1|1|1|0.0
NQueens-PT-30.pnml|NQueens-PT-30|1080|900|1|1|1|0.0
PaceMaker.pnml|PaceMaker-PT-none|70|164|1|949|404.8721174004193|319.03294720816245
closed_system1.pnml|ParamProductionCell-PT-1|231|202|1|1|1|0.0
closed_system2.pnml|ParamProductionCell-PT-2|231|202|1|1|1|0.0
closed_system3.pnml|ParamProductionCell-PT-3|231|202|1|1|1|0.0
closed_system4.pnml|ParamProductionCell-PT-4|231|202|1|1|1|0.0
closed_system5.pnml|ParamProductionCell-PT-5|231|202|1|1|1|0.0
open_system_0.pnml|ParamProductionCell-PT-0|198|176|1|1|1|0.0
parking_1_4.pnml|Parking-PT-104|65|97|1|1|1|0.0
parking_2_8.pnml|Parking-PT-208|137|201|1|1|1|0.0
parking_4_16.pnml|Parking-PT-416|305|433|1|1|1|0.0
parking_4_32.pnml|Parking-PT-432|529|785|1|1|1|0.0
parking_8_32.pnml|Parking-PT-832|737|993|1|1|1|0.0
parking_8_64.pnml|Parking-PT-864|1185|1697|1|1|1|0.0
unf-8x8-4stageSEN-01.pnml|PermAdmissibility-PT-01|168|592|1|2|1.0092592592592593|0.09579238238010403
unf-8x8-4stageSEN-02.pnml|PermAdmissibility-PT-02|168|592|1|2|1.0092592592592593|0.09579238238010403
unf-8x8-4stageSEN-05.pnml|PermAdmissibility-PT-05|168|592|1|2|1.0092592592592593|0.09579238238010403
unf-8x8-4stageSEN-10.pnml|PermAdmissibility-PT-10|168|592|1|2|1.0092592592592593|0.09579238238010403
unf-8x8-4stageSEN-20.pnml|PermAdmissibility-PT-20|168|592|1|2|1.0092592592592593|0.09579238238010403
unf-8x8-4stageSEN-50.pnml|PermAdmissibility-PT-50|168|592|1|2|1.0092592592592593|0.09579238238010403
Peterson-2.pnml|Peterson-PT-2|102|126|1|1|1|0.0
Peterson-3.pnml|Peterson-PT-3|244|332|1|1|1|0.0
Peterson-4.pnml|Peterson-PT-4|480|690|1|1|1|0.0
Peterson-5.pnml|Peterson-PT-5|834|1242|1|1|1|0.0
Peterson-6.pnml|Peterson-PT-6|1330|2030|1|1|1|0.0
Peterson-7.pnml|Peterson-PT-7|1992|3096|1|1|1|0.0
10-100_phaseVariation.pnml|PhaseVariation-PT-D10CS100|302|3137|1|100|1.0182946449092163|0.9539049566540856
10-10_phaseVariation.pnml|PhaseVariation-PT-D10CS010|302|3137|1|10|1.010020684900023|0.12860870528721927
20-100_phaseVariation.pnml|PhaseVariation-PT-D20CS100|1202|13457|1|100|1.0106857968842016|0.46726510313046543
20-10_phaseVariation.pnml|PhaseVariation-PT-D20CS010|1202|13457|1|10|1.0087584988489748|0.10111248905434186
2-100_phaseVariation.pnml|PhaseVariation-PT-D02CS100|14|65|1|100|1.4650112866817155|6.6445309179641745
2-10_phaseVariation.pnml|PhaseVariation-PT-D02CS010|14|65|1|10|1.0586907449209932|0.6173839873655019
30-100_phaseVariation.pnml|PhaseVariation-PT-D30CS100|2702|30977|1|100|1.0092915106843072|0.31534443723010297
30-10_phaseVariation.pnml|PhaseVariation-PT-D30CS010|2702|30977|1|10|1.008454437649685|0.09514547104279587
5-100_phaseVariation.pnml|PhaseVariation-PT-D05CS100|77|677|1|100|1.0529348986125935|2.0476221939757795
5-10_phaseVariation.pnml|PhaseVariation-PT-D05CS010|77|677|1|10|1.0145144076840982|0.21224925945172476
philo_dyn-10-unfolded.pnml|PhilosophersDyn-PT-10|170|2310|1|2|1.0126443100604727|0.11173682408311876
philo_dyn-20-unfolded.pnml|PhilosophersDyn-PT-20|540|17220|1|2|1.0061088222758914|0.07792013664135067
philo_dyn-3-unfolded.pnml|PhilosophersDyn-PT-03|30|84|1|2|1.047872340425532|0.21368560930571068
Philosophers-10000.pnml|Philosophers-PT-010000|50000|50000|1|1|1|0.0
Philosophers-1000.pnml|Philosophers-PT-001000|5000|5000|1|1|1|0.0
Philosophers-100.pnml|Philosophers-PT-000100|500|500|1|1|1|0.0
Philosophers-10.pnml|Philosophers-PT-000010|50|50|1|1|1|0.0
Philosophers-2000.pnml|Philosophers-PT-002000|10000|10000|1|1|1|0.0
Philosophers-200.pnml|Philosophers-PT-000200|1000|1000|1|1|1|0.0
Philosophers-20.pnml|Philosophers-PT-000020|100|100|1|1|1|0.0
Philosophers-5000.pnml|Philosophers-PT-005000|25000|25000|1|1|1|0.0
Philosophers-500.pnml|Philosophers-PT-000500|2500|2500|1|1|1|0.0
Philosophers-50.pnml|Philosophers-PT-000050|250|250|1|1|1|0.0
Philosophers-5.pnml|Philosophers-PT-000005|25|25|1|1|1|0.0
planning.pnml|Planning-PT-none|126|128|1|1|1|0.0
PolyORB-LF-S02-J04-T06-unfolded.pnml|PolyORBLF-PT-S02J04T06|476|920|1|10|1.7100424328147101|1.8676657826497647
PolyORB-LF-S02-J04-T08-unfolded.pnml|PolyORBLF-PT-S02J04T08|614|1242|1|10|1.7006280530355897|1.8569631905010329
PolyORB-LF-S02-J04-T10-unfolded.pnml|PolyORBLF-PT-S02J04T10|752|1572|1|10|1.691269622693473|1.8462387457788132
PolyORB-LF-S02-J06-T06-unfolded.pnml|PolyORBLF-PT-S02J06T06|536|1064|1|10|1.6189889025893958|1.7598704419170017
PolyORB-LF-S02-J06-T08-unfolded.pnml|PolyORBLF-PT-S02J06T08|690|1434|1|10|1.611822059719683|1.750858939341184
PolyORB-LF-S02-J06-T10-unfolded.pnml|PolyORBLF-PT-S02J06T10|844|1812|1|10|1.6046735726331005|1.741814064369957
PolyORB-LF-S04-J04-T06-unfolded.pnml|PolyORBLF-PT-S04J04T06|554|2998|1|10|2.0818155536282164|1.840598563992035
PolyORB-LF-S04-J04-T08-unfolded.pnml|PolyORBLF-PT-S04J04T08|712|4012|1|10|2.0790080738177625|1.8390213642997701
PolyORB-LF-S04-J04-T10-unfolded.pnml|PolyORBLF-PT-S04J04T10|870|5034|1|10|2.0760913326048196|1.837381738852847
PolyORB-LF-S04-J06-T06-unfolded.pnml|PolyORBLF-PT-S04J06T06|618|3190|1|10|2.0408901251738527|1.817205631507191
PolyORB-LF-S04-J06-T08-unfolded.pnml|PolyORBLF-PT-S04J06T08|792|4268|1|10|2.0382907880133185|1.8156680245275127
PolyORB-LF-S04-J06-T10-unfolded.pnml|PolyORBLF-PT-S04J06T10|966|5354|1|10|2.035589749266619|1.8140696170786776
PolyORB-LF-S06-J04-T04-unfolded.pnml|PolyORBLF-PT-S06J04T04|454|6994|1|10|2.038003786854206|1.753728027278705
PolyORB-LF-S06-J04-T06-unfolded.pnml|PolyORBLF-PT-S06J04T06|632|10500|1|10|2.0375126732004056|1.7534534630108656
PolyORB-LF-S06-J04-T08-unfolded.pnml|PolyORBLF-PT-S06J04T08|810|14014|1|10|2.0369169453169857|1.7531236990216885
PolyORB-LF-S06-J06-T04-unfolded.pnml|PolyORBLF-PT-S06J06T04|506|7154|1|10|2.0263439422305427|1.747278167049225
PolyORB-LF-S06-J06-T06-unfolded.pnml|PolyORBLF-PT-S06J06T06|700|10740|1|10|2.025863797366838|1.7470055223863445
PolyORB-LF-S06-J06-T08-unfolded.pnml|PolyORBLF-PT-S06J06T08|894|14334|1|10|2.025281367932405|1.746678038670856
PolyORB-NT-S05-J20-unfolded.pnml|PolyORBNT-PT-S05J20|349|1210|1|10|1.878286491387126|1.622383933036776
PolyORB-NT-S05-J30-unfolded.pnml|PolyORBNT-PT-S05J30|489|1400|1|10|1.7937320770176157|1.5639129327040295
PolyORB-NT-S05-J40-unfolded.pnml|PolyORBNT-PT-S05J40|629|1590|1|10|1.7240284005979074|1.5104599605049862
PolyORB-NT-S05-J60-unfolded.pnml|PolyORBNT-PT-S05J60|909|1970|1|10|1.6158614113159568|1.416770223274335
PolyORB-NT-S05-J80-unfolded.pnml|PolyORBNT-PT-S05J80|1189|2350|1|10|1.535813053097345|1.3376162502134927
PolyORB-NT-S10-J20-unfolded.pnml|PolyORBNT-PT-S10J20|474|11760|1|10|1.9066856253206022|1.6650468226519648
PolyORB-NT-S10-J30-unfolded.pnml|PolyORBNT-PT-S10J30|664|12050|1|10|1.895086132606011|1.6574967176332023
PolyORB-NT-S10-J40-unfolded.pnml|PolyORBNT-PT-S10J40|854|12340|1|10|1.8837796822779147|1.6500256302625553
PolyORB-NT-S10-J60-unfolded.pnml|PolyORBNT-PT-S10J60|1234|12920|1|10|1.8620025838687875|1.6353193068113843
PolyORB-NT-S10-J80-unfolded.pnml|PolyORBNT-PT-S10J80|1614|13500|1|10|1.841272889720188|1.620924598098385
ProductionCell.pnml|ProductionCell-PT-none|176|134|1|1|1|0.0
QCertifProtocol_02-unfold.pnml|QuasiCertifProtocol-PT-02|86|56|1|1|1|0.0
QCertifProtocol_06-unfold.pnml|QuasiCertifProtocol-PT-06|270|116|1|1|1|0.0
QCertifProtocol_10-unfold.pnml|QuasiCertifProtocol-PT-10|550|176|1|1|1|0.0
QCertifProtocol_18-unfold.pnml|QuasiCertifProtocol-PT-18|1398|296|1|1|1|0.0
QCertifProtocol_22-unfold.pnml|QuasiCertifProtocol-PT-22|1966|356|1|1|1|0.0
QCertifProtocol_28-unfold.pnml|QuasiCertifProtocol-PT-28|2998|446|1|1|1|0.0
QCertifProtocol_32-unfold.pnml|QuasiCertifProtocol-PT-32|3806|506|1|1|1|0.0
raft_02.pnml|Raft-PT-02|28|52|1|1|1|0.0
raft_03.pnml|Raft-PT-03|53|98|1|1|1|0.0
raft_04.pnml|Raft-PT-04|88|160|1|1|1|0.0
raft_05.pnml|Raft-PT-05|133|238|1|1|1|0.0
raft_06.pnml|Raft-PT-06|188|332|1|1|1|0.0
raft_07.pnml|Raft-PT-07|253|442|1|1|1|0.0
raft_08.pnml|Raft-PT-08|328|568|1|1|1|0.0
raft_09.pnml|Raft-PT-09|413|710|1|1|1|0.0
raft_10.pnml|Raft-PT-10|508|868|1|1|1|0.0
railroad-005-pt.pnml|Railroad-PT-005|68|56|1|1|1|0.0
railroad-010-pt.pnml|Railroad-PT-010|118|156|1|1|1|0.0
railroad-020-pt.pnml|Railroad-PT-020|218|506|1|1|1|0.0
railroad-050-pt.pnml|Railroad-PT-050|518|2756|1|1|1|0.0
railroad-100-pt.pnml|Railroad-PT-100|1018|10506|1|1|1|0.0
referendum-unfolded-1000.pnml|Referendum-PT-1000|3001|2001|1|1|1|0.0
referendum-unfolded-100.pnml|Referendum-PT-0100|301|201|1|1|1|0.0
referendum-unfolded-10.pnml|Referendum-PT-010|31|21|1|1|1|0.0
referendum-unfolded-15.pnml|Referendum-PT-015|46|31|1|1|1|0.0
referendum-unfolded-200.pnml|Referendum-PT-0200|601|401|1|1|1|0.0
referendum-unfolded-20.pnml|Referendum-PT-020|61|41|1|1|1|0.0
referendum-unfolded-500.pnml|Referendum-PT-0500|1501|1001|1|1|1|0.0
referendum-unfolded-50.pnml|Referendum-PT-0050|151|101|1|1|1|0.0
RefineWMG-002-002.pnml|RefineWMG-PT-002002|14|11|1|5|1.5|1.0776318121606494
RefineWMG-002-003.pnml|RefineWMG-PT-002003|14|11|1|5|1.5|1.0776318121606494
RefineWMG-005-005.pnml|RefineWMG-PT-005005|29|23|1|5|1.2352941176470589|0.774936628296359
RefineWMG-005-006.pnml|RefineWMG-PT-005006|29|23|1|5|1.2352941176470589|0.774936628296359
RefineWMG-007-007.pnml|RefineWMG-PT-007007|39|31|1|5|1.173913043478261|0.6730069583457843
RefineWMG-007-008.pnml|RefineWMG-PT-007008|39|31|1|5|1.173913043478261|0.6730069583457843
RefineWMG-010-010.pnml|RefineWMG-PT-010010|54|43|1|5|1.125|0.5750727444570146
RefineWMG-010-011.pnml|RefineWMG-PT-010011|54|43|1|5|1.125|0.5750727444570146
RefineWMG-015-015.pnml|RefineWMG-PT-015015|79|63|1|5|1.0851063829787233|0.47750632256273
RefineWMG-015-016.pnml|RefineWMG-PT-015016|79|63|1|5|1.0851063829787233|0.47750632256273
RefineWMG-025-025.pnml|RefineWMG-PT-025025|129|103|1|5|1.051948051948052|0.3749867800876351
RefineWMG-025-026.pnml|RefineWMG-PT-025026|129|103|1|5|1.051948051948052|0.3749867800876351
RefineWMG-050-050.pnml|RefineWMG-PT-050050|254|203|1|5|1.0263157894736843|0.26794399132102764
RefineWMG-050-051.pnml|RefineWMG-PT-050051|254|203|1|5|1.0263157894736843|0.26794399132102764
RefineWMG-100-100.pnml|RefineWMG-PT-100100|504|403|1|5|1.0132450331125828|0.1904690053008116
RefineWMG-100-101.pnml|RefineWMG-PT-100101|504|403|1|5|1.0132450331125828|0.1904690053008116
problem113-1.pnml|RERS17pb113-PT-1|639|31353|1|1|1|0.0
problem113-2.pnml|RERS17pb113-PT-2|639|31353|1|1|1|0.0
problem113-3.pnml|RERS17pb113-PT-3|639|31353|1|1|1|0.0
problem113-4.pnml|RERS17pb113-PT-4|639|31353|1|1|1|0.0
problem113-5.pnml|RERS17pb113-PT-5|639|31353|1|1|1|0.0
problem113-6.pnml|RERS17pb113-PT-6|639|31353|1|1|1|0.0
problem113-7.pnml|RERS17pb113-PT-7|639|31353|1|1|1|0.0
problem113-8.pnml|RERS17pb113-PT-8|639|31353|1|1|1|0.0
problem113-9.pnml|RERS17pb113-PT-9|639|31353|1|1|1|0.0
problem114-1.pnml|RERS17pb114-PT-1|1446|151085|1|1|1|0.0
problem114-2.pnml|RERS17pb114-PT-2|1446|151085|1|1|1|0.0
problem114-3.pnml|RERS17pb114-PT-3|1446|151085|1|1|1|0.0
problem114-4.pnml|RERS17pb114-PT-4|1446|151085|1|1|1|0.0
problem114-5.pnml|RERS17pb114-PT-5|1446|151085|1|1|1|0.0
problem114-6.pnml|RERS17pb114-PT-6|1446|151085|1|1|1|0.0
problem114-7.pnml|RERS17pb114-PT-7|1446|151085|1|1|1|0.0
problem114-8.pnml|RERS17pb114-PT-8|1446|151085|1|1|1|0.0
problem114-9.pnml|RERS17pb114-PT-9|1446|151085|1|1|1|0.0
problem115-1.pnml|RERS17pb115-PT-1|1399|144369|1|1|1|0.0
problem115-2.pnml|RERS17pb115-PT-2|1399|144369|1|1|1|0.0
problem115-3.pnml|RERS17pb115-PT-3|1399|144369|1|1|1|0.0
problem115-4.pnml|RERS17pb115-PT-4|1399|144369|1|1|1|0.0
problem115-5.pnml|RERS17pb115-PT-5|1399|144369|1|1|1|0.0
problem115-6.pnml|RERS17pb115-PT-6|1399|144369|1|1|1|0.0
problem115-7.pnml|RERS17pb115-PT-7|1399|144369|1|1|1|0.0
problem115-8.pnml|RERS17pb115-PT-8|1399|144369|1|1|1|0.0
problem115-9.pnml|RERS17pb115-PT-9|1399|144369|1|1|1|0.0
RAS-C-100.pnml|ResAllocation-PT-R003C100|600|400|1|1|1|0.0
RAS-C-10.pnml|ResAllocation-PT-R003C010|60|40|1|1|1|0.0
RAS-C-15.pnml|ResAllocation-PT-R003C015|90|60|1|1|1|0.0
RAS-C-20.pnml|ResAllocation-PT-R003C020|120|80|1|1|1|0.0
RAS-C-3.pnml|ResAllocation-PT-R003C003|18|12|1|1|1|0.0
RAS-C-50.pnml|ResAllocation-PT-R003C050|300|200|1|1|1|0.0
RAS-C-5.pnml|ResAllocation-PT-R003C005|30|20|1|1|1|0.0
RAS-R-100.pnml|ResAllocation-PT-R100C002|400|202|1|1|1|0.0
RAS-R-10.pnml|ResAllocation-PT-R010C002|40|22|1|1|1|0.0
RAS-R-15.pnml|ResAllocation-PT-R015C002|60|32|1|1|1|0.0
RAS-R-20.pnml|ResAllocation-PT-R020C002|80|42|1|1|1|0.0
RAS-R-2.pnml|ResAllocation-PT-R002C002|8|6|1|1|1|0.0
RAS-R-3.pnml|ResAllocation-PT-R003C002|12|8|1|1|1|0.0
RAS-R-50.pnml|ResAllocation-PT-R050C002|200|102|1|1|1|0.0
RAS-R-5.pnml|ResAllocation-PT-R005C002|20|12|1|1|1|0.0
ring.pnml|Ring-PT-none|139|87|1|1|1|0.0
robot-manipulation-10000.pnml|RobotManipulation-PT-10000|15|11|1|1|1|0.0
robot-manipulation-1000.pnml|RobotManipulation-PT-01000|15|11|1|1|1|0.0
robot-manipulation-100.pnml|RobotManipulation-PT-00100|15|11|1|1|1|0.0
robot-manipulation-10.pnml|RobotManipulation-PT-00010|15|11|1|1|1|0.0
robot-manipulation-1.pnml|RobotManipulation-PT-00001|15|11|1|1|1|0.0
robot-manipulation-2000.pnml|RobotManipulation-PT-02000|15|11|1|1|1|0.0
robot-manipulation-200.pnml|RobotManipulation-PT-00200|15|11|1|1|1|0.0
robot-manipulation-20.pnml|RobotManipulation-PT-00020|15|11|1|1|1|0.0
robot-manipulation-2.pnml|RobotManipulation-PT-00002|15|11|1|1|1|0.0
robot-manipulation-5000.pnml|RobotManipulation-PT-05000|15|11|1|1|1|0.0
robot-manipulation-500.pnml|RobotManipulation-PT-00500|15|11|1|1|1|0.0
robot-manipulation-50.pnml|RobotManipulation-PT-00050|15|11|1|1|1|0.0
robot-manipulation-5.pnml|RobotManipulation-PT-00005|15|11|1|1|1|0.0
rwmutex-r1000w10.pnml|RwMutex-PT-r1000w0010|3020|2020|1|1|1|0.0
rwmutex-r100w10.pnml|RwMutex-PT-r0100w0010|320|220|1|1|1|0.0
rwmutex-r10w1000.pnml|RwMutex-PT-r0010w1000|2030|2020|1|1|1|0.0
rwmutex-r10w100.pnml|RwMutex-PT-r0010w0100|230|220|1|1|1|0.0
rwmutex-r10w10.pnml|RwMutex-PT-r0010w0010|50|40|1|1|1|0.0
rwmutex-r10w2000.pnml|RwMutex-PT-r0010w2000|4030|4020|1|1|1|0.0
rwmutex-r10w20.pnml|RwMutex-PT-r0010w0020|70|60|1|1|1|0.0
rwmutex-r10w500.pnml|RwMutex-PT-r0010w0500|1030|1020|1|1|1|0.0
rwmutex-r10w50.pnml|RwMutex-PT-r0010w0050|130|120|1|1|1|0.0
rwmutex-r2000w10.pnml|RwMutex-PT-r2000w0010|6020|4020|1|1|1|0.0
rwmutex-r20w10.pnml|RwMutex-PT-r0020w0010|80|60|1|1|1|0.0
rwmutex-r500w10.pnml|RwMutex-PT-r0500w0010|1520|1020|1|1|1|0.0
SafeBus-03-unfolded.pnml|SafeBus-PT-03|57|91|1|1|1|0.0
SafeBus-06-unfolded.pnml|SafeBus-PT-06|144|451|1|1|1|0.0
SafeBus-10-unfolded.pnml|SafeBus-PT-10|316|1631|1|1|1|0.0
SafeBus-15-unfolded.pnml|SafeBus-PT-15|621|4771|1|1|1|0.0
SafeBus-20-unfolded.pnml|SafeBus-PT-20|1026|10461|1|1|1|0.0
SatelliteMemory-PT-X00100Y0003.pnml|SatelliteMemory-PT-X00100Y0003|13|10|1|100|25.1|41.73039229417382
SatelliteMemory-PT-X01000Y0032.pnml|SatelliteMemory-PT-X01000Y0032|13|10|1|1000|244.3|419.93578263641876
SatelliteMemory-PT-X01500Y0046.pnml|SatelliteMemory-PT-X01500Y0046|13|10|1|1500|366.5|631.2147426051228
SatelliteMemory-PT-X03000Y0094.pnml|SatelliteMemory-PT-X03000Y0094|13|10|1|3000|731.9|1261.74152743392
SatelliteMemory-PT-X65535Y2048.pnml|SatelliteMemory-PT-X65535Y2048|13|10|1|65535|15974.85|27574.40767436914
swscomp-s064p06.pnml|1-ont-64-6.net|97|164|1|1|1|0.0
swscomp-s064p09.pnml|2-ont-64-9.net|100|164|1|2|1.0027816411682893|0.052704525576503576
swscomp-s064p12.pnml|3-ont-64-12.net|104|158|1|1|1|0.0
swscomp-s064p15.pnml|4-ont-64-15.net|118|194|1|1|1|0.0
swscomp-s064p18.pnml|5-ont-64-18.net|154|236|1|1|1|0.0
swscomp-s128p06.pnml|6-ont-128-6.net|262|1328|1|2|1.0034954251053767|0.05902173533775669
swscomp-s128p09.pnml|7-ont-128-9.net|242|946|1|2|1.0024209411408684|0.04914718367411474
swscomp-s128p12.pnml|8-ont-128-12.net|191|414|1|1|1|0.0
swscomp-s128p15.pnml|9-ont-128-15.net|188|416|1|1|1|0.0
swscomp-s128p18.pnml|10-ont-128-18.net|184|466|1|1|1|0.0
swscomp-s256p06.pnml|11-ont-256-6.net|439|14102|1|2|1.0052046949726332|0.07195586056248031
swscomp-s256p09.pnml|12-ont-256-9.net|418|27524|1|2|1.0018329976533196|0.04277434434895787
swscomp-s256p12.pnml|13-ont-256-12.net|356|20464|1|2|1.001102205986553|0.03318127344163557
swscomp-s256p15.pnml|14-ont-256-15.net|329|29492|1|2|1.0038455927188117|0.0618936060184399
swscomp-s256p18.pnml|15-ont-256-18.net|198|9732|1|2|1.0251018413939263|0.15643544839807136
ServersAndClients-100-020.pnml|gen|2421|4200|1|1|1|0.0
ServersAndClients-100-040.pnml|gen|4441|8200|1|1|1|0.0
ServersAndClients-100-080.pnml|gen|8481|16200|1|1|1|0.0
ServersAndClients-100-160.pnml|gen|16561|32200|1|1|1|0.0
ServersAndClients-100-320.pnml|gen|32721|64200|1|1|1|0.0
ServersAndClients-200-040.pnml|gen|8841|16400|1|1|1|0.0
ServersAndClients-200-080.pnml|gen|16881|32400|1|1|1|0.0
ServersAndClients-200-160.pnml|gen|32961|64400|1|1|1|0.0
ServersAndClients-200-320.pnml|gen|65121|128400|1|1|1|0.0
ServersAndClients-400-080.pnml|gen|33681|64800|1|1|1|0.0
ServersAndClients-400-160.pnml|gen|65761|128800|1|1|1|0.0
shared_memory-pt-100.pnml|SharedMemory-PT-000100|10301|20100|1|1|1|0.0
shared_memory-pt-10.pnml|SharedMemory-PT-000010|131|210|1|1|1|0.0
shared_memory-pt-200.pnml|SharedMemory-PT-000200|40601|80200|1|1|1|0.0
shared_memory-pt-20.pnml|SharedMemory-PT-000020|461|820|1|1|1|0.0
shared_memory-pt-50.pnml|SharedMemory-PT-000050|2651|5050|1|1|1|0.0
shared_memory-pt-5.pnml|SharedMemory-PT-000005|41|55|1|1|1|0.0
shield_s_iip_001_a.pnml|ShieldIIPs-PT-001A|28|27|1|1|1|0.0
shield_s_iip_001_b.pnml|ShieldIIPs-PT-001B|63|62|1|1|1|0.0
shield_s_iip_002_a.pnml|ShieldIIPs-PT-002A|53|51|1|1|1|0.0
shield_s_iip_002_b.pnml|ShieldIIPs-PT-002B|123|121|1|1|1|0.0
shield_s_iip_003_a.pnml|ShieldIIPs-PT-003A|78|75|1|1|1|0.0
shield_s_iip_003_b.pnml|ShieldIIPs-PT-003B|183|180|1|1|1|0.0
shield_s_iip_004_a.pnml|ShieldIIPs-PT-004A|103|99|1|1|1|0.0
shield_s_iip_004_b.pnml|ShieldIIPs-PT-004B|243|239|1|1|1|0.0
shield_s_iip_005_a.pnml|ShieldIIPs-PT-005A|128|123|1|1|1|0.0
shield_s_iip_005_b.pnml|ShieldIIPs-PT-005B|303|298|1|1|1|0.0
shield_s_iip_010_a.pnml|ShieldIIPs-PT-010A|253|243|1|1|1|0.0
shield_s_iip_010_b.pnml|ShieldIIPs-PT-010B|603|593|1|1|1|0.0
shield_s_iip_020_a.pnml|ShieldIIPs-PT-020A|503|483|1|1|1|0.0
shield_s_iip_020_b.pnml|ShieldIIPs-PT-020B|1203|1183|1|1|1|0.0
shield_s_iip_030_a.pnml|ShieldIIPs-PT-030A|753|723|1|1|1|0.0
shield_s_iip_030_b.pnml|ShieldIIPs-PT-030B|1803|1773|1|1|1|0.0
shield_s_iip_040_a.pnml|ShieldIIPs-PT-040A|1003|963|1|1|1|0.0
shield_s_iip_040_b.pnml|ShieldIIPs-PT-040B|2403|2363|1|1|1|0.0
shield_s_iip_050_a.pnml|ShieldIIPs-PT-050A|1253|1203|1|1|1|0.0
shield_s_iip_050_b.pnml|ShieldIIPs-PT-050B|3003|2953|1|1|1|0.0
shield_s_iip_100_a.pnml|ShieldIIPs-PT-100A|2503|2403|1|1|1|0.0
shield_s_iip_100_b.pnml|ShieldIIPs-PT-100B|6003|5903|1|1|1|0.0
shield_t_iip_001_a.pnml|ShieldIIPt-PT-001A|22|17|1|1|1|0.0
shield_t_iip_001_b.pnml|ShieldIIPt-PT-001B|73|68|1|1|1|0.0
shield_t_iip_002_a.pnml|ShieldIIPt-PT-002A|41|31|1|1|1|0.0
shield_t_iip_002_b.pnml|ShieldIIPt-PT-002B|143|133|1|1|1|0.0
shield_t_iip_003_a.pnml|ShieldIIPt-PT-003A|60|45|1|1|1|0.0
shield_t_iip_003_b.pnml|ShieldIIPt-PT-003B|213|198|1|1|1|0.0
shield_t_iip_004_a.pnml|ShieldIIPt-PT-004A|79|59|1|1|1|0.0
shield_t_iip_004_b.pnml|ShieldIIPt-PT-004B|283|263|1|1|1|0.0
shield_t_iip_005_a.pnml|ShieldIIPt-PT-005A|98|73|1|1|1|0.0
shield_t_iip_005_b.pnml|ShieldIIPt-PT-005B|353|328|1|1|1|0.0
shield_t_iip_010_a.pnml|ShieldIIPt-PT-010A|193|143|1|1|1|0.0
shield_t_iip_010_b.pnml|ShieldIIPt-PT-010B|703|653|1|1|1|0.0
shield_t_iip_020_a.pnml|ShieldIIPt-PT-020A|383|283|1|1|1|0.0
shield_t_iip_020_b.pnml|ShieldIIPt-PT-020B|1403|1303|1|1|1|0.0
shield_t_iip_030_a.pnml|ShieldIIPt-PT-030A|573|423|1|1|1|0.0
shield_t_iip_030_b.pnml|ShieldIIPt-PT-030B|2103|1953|1|1|1|0.0
shield_t_iip_040_a.pnml|ShieldIIPt-PT-040A|763|563|1|1|1|0.0
shield_t_iip_040_b.pnml|ShieldIIPt-PT-040B|2803|2603|1|1|1|0.0
shield_t_iip_050_a.pnml|ShieldIIPt-PT-050A|953|703|1|1|1|0.0
shield_t_iip_050_b.pnml|ShieldIIPt-PT-050B|3503|3253|1|1|1|0.0
shield_t_iip_100_a.pnml|ShieldIIPt-PT-100A|1903|1403|1|1|1|0.0
shield_t_iip_100_b.pnml|ShieldIIPt-PT-100B|7003|6503|1|1|1|0.0
shield_s_ppp_001_a.pnml|ShieldPPPs-PT-001A|34|29|1|1|1|0.0
shield_s_ppp_001_b.pnml|ShieldPPPs-PT-001B|71|66|1|1|1|0.0
shield_s_ppp_002_a.pnml|ShieldPPPs-PT-002A|65|55|1|1|1|0.0
shield_s_ppp_002_b.pnml|ShieldPPPs-PT-002B|139|129|1|1|1|0.0
shield_s_ppp_003_a.pnml|ShieldPPPs-PT-003A|96|81|1|1|1|0.0
shield_s_ppp_003_b.pnml|ShieldPPPs-PT-003B|207|192|1|1|1|0.0
shield_s_ppp_004_a.pnml|ShieldPPPs-PT-004A|127|107|1|1|1|0.0
shield_s_ppp_004_b.pnml|ShieldPPPs-PT-004B|275|255|1|1|1|0.0
shield_s_ppp_005_a.pnml|ShieldPPPs-PT-005A|158|133|1|1|1|0.0
shield_s_ppp_005_b.pnml|ShieldPPPs-PT-005B|343|318|1|1|1|0.0
shield_s_ppp_010_a.pnml|ShieldPPPs-PT-010A|313|263|1|1|1|0.0
shield_s_ppp_010_b.pnml|ShieldPPPs-PT-010B|683|633|1|1|1|0.0
shield_s_ppp_020_a.pnml|ShieldPPPs-PT-020A|623|523|1|1|1|0.0
shield_s_ppp_020_b.pnml|ShieldPPPs-PT-020B|1363|1263|1|1|1|0.0
shield_s_ppp_030_a.pnml|ShieldPPPs-PT-030A|933|783|1|1|1|0.0
shield_s_ppp_030_b.pnml|ShieldPPPs-PT-030B|2043|1893|1|1|1|0.0
shield_s_ppp_040_a.pnml|ShieldPPPs-PT-040A|1243|1043|1|1|1|0.0
shield_s_ppp_040_b.pnml|ShieldPPPs-PT-040B|2723|2523|1|1|1|0.0
shield_s_ppp_050_a.pnml|ShieldPPPs-PT-050A|1553|1303|1|1|1|0.0
shield_s_ppp_050_b.pnml|ShieldPPPs-PT-050B|3403|3153|1|1|1|0.0
shield_s_ppp_100_a.pnml|ShieldPPPs-PT-100A|3103|2603|1|1|1|0.0
shield_s_ppp_100_b.pnml|ShieldPPPs-PT-100B|6803|6303|1|1|1|0.0
shield_t_ppp_001_a.pnml|ShieldPPPt-PT-001A|28|21|1|1|1|0.0
shield_t_ppp_001_b.pnml|ShieldPPPt-PT-001B|81|74|1|1|1|0.0
shield_t_ppp_002_a.pnml|ShieldPPPt-PT-002A|53|39|1|1|1|0.0
shield_t_ppp_002_b.pnml|ShieldPPPt-PT-002B|159|145|1|1|1|0.0
shield_t_ppp_003_a.pnml|ShieldPPPt-PT-003A|78|57|1|1|1|0.0
shield_t_ppp_003_b.pnml|ShieldPPPt-PT-003B|237|216|1|1|1|0.0
shield_t_ppp_004_a.pnml|ShieldPPPt-PT-004A|103|75|1|1|1|0.0
shield_t_ppp_004_b.pnml|ShieldPPPt-PT-004B|315|287|1|1|1|0.0
shield_t_ppp_005_a.pnml|ShieldPPPt-PT-005A|128|93|1|1|1|0.0
shield_t_ppp_005_b.pnml|ShieldPPPt-PT-005B|393|358|1|1|1|0.0
shield_t_ppp_010_a.pnml|ShieldPPPt-PT-010A|253|183|1|1|1|0.0
shield_t_ppp_010_b.pnml|ShieldPPPt-PT-010B|783|713|1|1|1|0.0
shield_t_ppp_020_a.pnml|ShieldPPPt-PT-020A|503|363|1|1|1|0.0
shield_t_ppp_020_b.pnml|ShieldPPPt-PT-020B|1563|1423|1|1|1|0.0
shield_t_ppp_030_a.pnml|ShieldPPPt-PT-030A|753|543|1|1|1|0.0
shield_t_ppp_030_b.pnml|ShieldPPPt-PT-030B|2343|2133|1|1|1|0.0
shield_t_ppp_040_a.pnml|ShieldPPPt-PT-040A|1003|723|1|1|1|0.0
shield_t_ppp_040_b.pnml|ShieldPPPt-PT-040B|3123|2843|1|1|1|0.0
shield_t_ppp_050_a.pnml|ShieldPPPt-PT-050A|1253|903|1|1|1|0.0
shield_t_ppp_050_b.pnml|ShieldPPPt-PT-050B|3903|3553|1|1|1|0.0
shield_t_ppp_100_a.pnml|ShieldPPPt-PT-100A|2503|1803|1|1|1|0.0
shield_t_ppp_100_b.pnml|ShieldPPPt-PT-100B|7803|7103|1|1|1|0.0
shield_s_rv_001_a.pnml|ShieldRVs-PT-001A|17|22|1|1|1|0.0
shield_s_rv_001_b.pnml|ShieldRVs-PT-001B|43|48|1|1|1|0.0
shield_s_rv_002_a.pnml|ShieldRVs-PT-002A|31|41|1|1|1|0.0
shield_s_rv_002_b.pnml|ShieldRVs-PT-002B|83|93|1|1|1|0.0
shield_s_rv_003_a.pnml|ShieldRVs-PT-003A|45|60|1|1|1|0.0
shield_s_rv_003_b.pnml|ShieldRVs-PT-003B|123|138|1|1|1|0.0
shield_s_rv_004_a.pnml|ShieldRVs-PT-004A|59|79|1|1|1|0.0
shield_s_rv_004_b.pnml|ShieldRVs-PT-004B|163|183|1|1|1|0.0
shield_s_rv_005_a.pnml|ShieldRVs-PT-005A|73|98|1|1|1|0.0
shield_s_rv_005_b.pnml|ShieldRVs-PT-005B|203|228|1|1|1|0.0
shield_s_rv_010_a.pnml|ShieldRVs-PT-010A|143|193|1|1|1|0.0
shield_s_rv_010_b.pnml|ShieldRVs-PT-010B|403|453|1|1|1|0.0
shield_s_rv_020_a.pnml|ShieldRVs-PT-020A|283|383|1|1|1|0.0
shield_s_rv_020_b.pnml|ShieldRVs-PT-020B|803|903|1|1|1|0.0
shield_s_rv_030_a.pnml|ShieldRVs-PT-030A|423|573|1|1|1|0.0
shield_s_rv_030_b.pnml|ShieldRVs-PT-030B|1203|1353|1|1|1|0.0
shield_s_rv_040_a.pnml|ShieldRVs-PT-040A|563|763|1|1|1|0.0
shield_s_rv_040_b.pnml|ShieldRVs-PT-040B|1603|1803|1|1|1|0.0
shield_s_rv_050_a.pnml|ShieldRVs-PT-050A|703|953|1|1|1|0.0
shield_s_rv_050_b.pnml|ShieldRVs-PT-050B|2003|2253|1|1|1|0.0
shield_s_rv_100_a.pnml|ShieldRVs-PT-100A|1403|1903|1|1|1|0.0
shield_s_rv_100_b.pnml|ShieldRVs-PT-100B|4003|4503|1|1|1|0.0
shield_t_rv_001_a.pnml|ShieldRVt-PT-001A|11|11|1|1|1|0.0
shield_t_rv_001_b.pnml|ShieldRVt-PT-001B|53|53|1|1|1|0.0
shield_t_rv_002_a.pnml|ShieldRVt-PT-002A|19|19|1|1|1|0.0
shield_t_rv_002_b.pnml|ShieldRVt-PT-002B|103|103|1|1|1|0.0
shield_t_rv_003_a.pnml|ShieldRVt-PT-003A|27|27|1|1|1|0.0
shield_t_rv_003_b.pnml|ShieldRVt-PT-003B|153|153|1|1|1|0.0
shield_t_rv_004_a.pnml|ShieldRVt-PT-004A|35|35|1|1|1|0.0
shield_t_rv_004_b.pnml|ShieldRVt-PT-004B|203|203|1|1|1|0.0
shield_t_rv_005_a.pnml|ShieldRVt-PT-005A|43|43|1|1|1|0.0
shield_t_rv_005_b.pnml|ShieldRVt-PT-005B|253|253|1|1|1|0.0
shield_t_rv_010_a.pnml|ShieldRVt-PT-010A|83|83|1|1|1|0.0
shield_t_rv_010_b.pnml|ShieldRVt-PT-010B|503|503|1|1|1|0.0
shield_t_rv_020_a.pnml|ShieldRVt-PT-020A|163|163|1|1|1|0.0
shield_t_rv_020_b.pnml|ShieldRVt-PT-020B|1003|1003|1|1|1|0.0
shield_t_rv_030_a.pnml|ShieldRVt-PT-030A|243|243|1|1|1|0.0
shield_t_rv_030_b.pnml|ShieldRVt-PT-030B|1503|1503|1|1|1|0.0
shield_t_rv_040_a.pnml|ShieldRVt-PT-040A|323|323|1|1|1|0.0
shield_t_rv_040_b.pnml|ShieldRVt-PT-040B|2003|2003|1|1|1|0.0
shield_t_rv_050_a.pnml|ShieldRVt-PT-050A|403|403|1|1|1|0.0
shield_t_rv_050_b.pnml|ShieldRVt-PT-050B|2503|2503|1|1|1|0.0
shield_t_rv_100_a.pnml|ShieldRVt-PT-100A|803|803|1|1|1|0.0
shield_t_rv_100_b.pnml|ShieldRVt-PT-100B|5003|5003|1|1|1|0.0
simple_lbs-10.pnml|SimpleLoadBal-PT-10|104|605|1|1|1|0.0
simple_lbs-15.pnml|SimpleLoadBal-PT-15|149|1280|1|1|1|0.0
simple_lbs-20.pnml|SimpleLoadBal-PT-20|194|2205|1|1|1|0.0
simple_lbs-2.pnml|SimpleLoadBal-PT-02|32|45|1|1|1|0.0
simple_lbs-5.pnml|SimpleLoadBal-PT-05|59|180|1|1|1|0.0
SmallOperatingSystem-MT0016DC0008.pnml|SmallOperatingSystem-PT-MT0016DC0008|9|8|1|1|1|0.0
SmallOperatingSystem-MT0032DC0008.pnml|SmallOperatingSystem-PT-MT0032DC0008|9|8|1|1|1|0.0
SmallOperatingSystem-MT0032DC0016.pnml|SmallOperatingSystem-PT-MT0032DC0016|9|8|1|1|1|0.0
SmallOperatingSystem-MT0064DC0016.pnml|SmallOperatingSystem-PT-MT0064DC0016|9|8|1|1|1|0.0
SmallOperatingSystem-MT0064DC0032.pnml|SmallOperatingSystem-PT-MT0064DC0032|9|8|1|1|1|0.0
SmallOperatingSystem-MT0128DC0032.pnml|SmallOperatingSystem-PT-MT0128DC0032|9|8|1|1|1|0.0
SmallOperatingSystem-MT0128DC0064.pnml|SmallOperatingSystem-PT-MT0128DC0064|9|8|1|1|1|0.0
SmallOperatingSystem-MT0256DC0064.pnml|SmallOperatingSystem-PT-MT0256DC0064|9|8|1|1|1|0.0
SmallOperatingSystem-MT0256DC0128.pnml|SmallOperatingSystem-PT-MT0256DC0128|9|8|1|1|1|0.0
SmallOperatingSystem-MT0512DC0128.pnml|SmallOperatingSystem-PT-MT0512DC0128|9|8|1|1|1|0.0
SmallOperatingSystem-MT0512DC0256.pnml|SmallOperatingSystem-PT-MT0512DC0256|9|8|1|1|1|0.0
SmallOperatingSystem-MT1024DC0256.pnml|SmallOperatingSystem-PT-MT1024DC0256|9|8|1|1|1|0.0
SmallOperatingSystem-MT1024DC0512.pnml|SmallOperatingSystem-PT-MT1024DC0512|9|8|1|1|1|0.0
SmallOperatingSystem-MT2048DC0512.pnml|SmallOperatingSystem-PT-MT2048DC0512|9|8|1|1|1|0.0
SmallOperatingSystem-MT2048DC1024.pnml|SmallOperatingSystem-PT-MT2048DC1024|9|8|1|1|1|0.0
SmallOperatingSystem-MT4096DC1024.pnml|SmallOperatingSystem-PT-MT4096DC1024|9|8|1|1|1|0.0
SmallOperatingSystem-MT4096DC2048.pnml|SmallOperatingSystem-PT-MT4096DC2048|9|8|1|1|1|0.0
SmallOperatingSystem-MT8192DC2048.pnml|SmallOperatingSystem-PT-MT8192DC2048|9|8|1|1|1|0.0
SmallOperatingSystem-MT8192DC4096.pnml|SmallOperatingSystem-PT-MT8192DC4096|9|8|1|1|1|0.0
smhome_01.pnml|SmartHome-PT-01|38|113|1|1|1|0.0
smhome_02.pnml|SmartHome-PT-02|41|127|1|1|1|0.0
smhome_03.pnml|SmartHome-PT-03|45|145|1|1|1|0.0
smhome_04.pnml|SmartHome-PT-04|139|159|1|1|1|0.0
smhome_05.pnml|SmartHome-PT-05|213|245|1|1|1|0.0
smhome_06.pnml|SmartHome-PT-06|219|254|1|1|1|0.0
smhome_07.pnml|SmartHome-PT-07|251|290|1|1|1|0.0
smhome_08.pnml|SmartHome-PT-08|252|291|1|1|1|0.0
smhome_09.pnml|SmartHome-PT-09|253|293|1|1|1|0.0
smhome_10.pnml|SmartHome-PT-10|273|308|1|1|1|0.0
smhome_11.pnml|SmartHome-PT-11|290|315|1|1|1|0.0
smhome_12.pnml|SmartHome-PT-12|376|399|1|1|1|0.0
smhome_13.pnml|SmartHome-PT-13|385|407|1|1|1|0.0
smhome_14.pnml|SmartHome-PT-14|422|448|1|1|1|0.0
smhome_15.pnml|SmartHome-PT-15|427|451|1|1|1|0.0
smhome_16.pnml|SmartHome-PT-16|499|533|1|1|1|0.0
smhome_17.pnml|SmartHome-PT-17|571|617|1|1|1|0.0
smhome_18.pnml|SmartHome-PT-18|653|706|1|1|1|0.0
smhome_19.pnml|SmartHome-PT-19|741|809|1|1|1|0.0
soli0_counter_square5.pnml|Solitaire-PT-SqrCT5x5|51|84|1|1|1|0.0
soli0_square5.pnml|Solitaire-PT-SqrNC5x5|50|84|1|1|1|0.0
soli1_counter.pnml|Solitaire-PT-EngCT7x7|67|76|1|1|1|0.0
soli1.pnml|Solitaire-PT-EngNC7x7|66|76|1|1|1|0.0
soli2_counter.pnml|Solitaire-PT-FrnCT7x7|75|92|1|1|1|0.0
soli2.pnml|Solitaire-PT-FrnNC7x7|74|92|1|1|1|0.0
sg-10-5-10.pnml|SquareGrid-PT-100510|1380|1640|1|1|1|0.0
sg-13-6-13.pnml|SquareGrid-PT-130613|2301|2756|1|1|1|0.0
sg-2-1-2.pnml|SquareGrid-PT-020102|68|72|1|1|1|0.0
sg-4-2-4.pnml|SquareGrid-PT-040204|240|272|1|1|1|0.0
sg-8-4-8.pnml|SquareGrid-PT-080408|896|1056|1|1|1|0.0
Sudoku-PT-A-N01.pnml|Sudoku-PT-AN01|4|1|1|1|1|0.0
Sudoku-PT-A-N02.pnml|Sudoku-PT-AN02|20|8|1|1|1|0.0
Sudoku-PT-A-N03.pnml|Sudoku-PT-AN03|54|27|1|1|1|0.0
Sudoku-PT-A-N04.pnml|Sudoku-PT-AN04|112|64|1|1|1|0.0
Sudoku-PT-A-N05.pnml|Sudoku-PT-AN05|200|125|1|1|1|0.0
Sudoku-PT-A-N06.pnml|Sudoku-PT-AN06|324|216|1|1|1|0.0
Sudoku-PT-A-N07.pnml|Sudoku-PT-AN07|490|343|1|1|1|0.0
Sudoku-PT-A-N08.pnml|Sudoku-PT-AN08|704|512|1|1|1|0.0
Sudoku-PT-A-N09.pnml|Sudoku-PT-AN09|972|729|1|1|1|0.0
Sudoku-PT-A-N10.pnml|Sudoku-PT-AN10|1300|1000|1|1|1|0.0
Sudoku-PT-A-N11.pnml|Sudoku-PT-AN11|1694|1331|1|1|1|0.0
Sudoku-PT-A-N12.pnml|Sudoku-PT-AN12|2160|1728|1|1|1|0.0
Sudoku-PT-A-N13.pnml|Sudoku-PT-AN13|2704|2197|1|1|1|0.0
Sudoku-PT-A-N14.pnml|Sudoku-PT-AN14|3332|2744|1|1|1|0.0
Sudoku-PT-A-N15.pnml|Sudoku-PT-AN15|4050|3375|1|1|1|0.0
Sudoku-PT-A-N16.pnml|Sudoku-PT-AN16|4864|4096|1|1|1|0.0
Sudoku-PT-B-N01.pnml|Sudoku-PT-BN01|5|1|1|1|1|0.0
Sudoku-PT-B-N04.pnml|Sudoku-PT-BN04|128|64|1|1|1|0.0
Sudoku-PT-B-N09.pnml|Sudoku-PT-BN09|1053|729|1|1|1|0.0
Sudoku-PT-B-N16.pnml|Sudoku-PT-BN16|5120|4096|1|1|1|0.0
SwimmingPool-10.pnml|SwimmingPool-PT-10|9|7|1|1|1|0.0
SwimmingPool-1.pnml|SwimmingPool-PT-01|9|7|1|1|1|0.0
SwimmingPool-2.pnml|SwimmingPool-PT-02|9|7|1|1|1|0.0
SwimmingPool-3.pnml|SwimmingPool-PT-03|9|7|1|1|1|0.0
SwimmingPool-4.pnml|SwimmingPool-PT-04|9|7|1|1|1|0.0
SwimmingPool-5.pnml|SwimmingPool-PT-05|9|7|1|1|1|0.0
SwimmingPool-6.pnml|SwimmingPool-PT-06|9|7|1|1|1|0.0
SwimmingPool-7.pnml|SwimmingPool-PT-07|9|7|1|1|1|0.0
SwimmingPool-8.pnml|SwimmingPool-PT-08|9|7|1|1|1|0.0
SwimmingPool-9.pnml|SwimmingPool-PT-09|9|7|1|1|1|0.0
tcp10.pnml|TCPcondis-PT-10|30|32|1|1|1|0.0
tcp15.pnml|TCPcondis-PT-15|30|32|1|1|1|0.0
tcp20.pnml|TCPcondis-PT-20|30|32|1|1|1|0.0
tcp25.pnml|TCPcondis-PT-25|30|32|1|1|1|0.0
tcp30.pnml|TCPcondis-PT-30|30|32|1|1|1|0.0
tcp35.pnml|TCPcondis-PT-35|30|32|1|1|1|0.0
tcp40.pnml|TCPcondis-PT-40|30|32|1|1|1|0.0
tcp50.pnml|TCPcondis-PT-50|30|32|1|1|1|0.0
tcp5.pnml|TCPcondis-PT-05|30|32|1|1|1|0.0
TokenRing-10-unfolded.pnml|TokenRing-PT-010|121|1111|1|1|1|0.0
TokenRing-15-unfolded.pnml|TokenRing-PT-015|256|3616|1|1|1|0.0
TokenRing-20-unfolded.pnml|TokenRing-PT-020|441|8421|1|1|1|0.0
TokenRing-30-unfolded.pnml|TokenRing-PT-030|961|27931|1|1|1|0.0
TokenRing-40-unfolded.pnml|TokenRing-PT-040|1681|65641|1|1|1|0.0
TokenRing-50-unfolded.pnml|TokenRing-PT-050|2601|127551|1|1|1|0.0
TokenRing-5-unfolded.pnml|TokenRing-PT-005|36|156|1|1|1|0.0
trg_1-20-0.pnml|TriangularGrid-PT-1200|16|12|1|1|1|0.0
trg_1-50-0.pnml|TriangularGrid-PT-1500|16|12|1|1|1|0.0
trg_2-01-1.pnml|TriangularGrid-PT-2011|52|42|1|1|1|0.0
trg_3-01-1.pnml|TriangularGrid-PT-3011|108|90|1|1|1|0.0
trg_3-02-6.pnml|TriangularGrid-PT-3026|108|90|1|1|1|0.0
trg_4-02-2.pnml|TriangularGrid-PT-4022|184|156|1|1|1|0.0
trg_5-02-0.pnml|TriangularGrid-PT-5020|280|240|1|1|1|0.0
trg_5-04-6.pnml|TriangularGrid-PT-5046|280|240|1|1|1|0.0
TwoPhaseLocking-nC00004-D.pnml|2PhLockVParam|8|6|1|1|1|0.0
TwoPhaseLocking-nC00004-N.pnml|2PhLockVParam|8|6|1|1|1|0.0
TwoPhaseLocking-nC00010-D.pnml|2PhLockVParam|8|6|1|1|1|0.0
TwoPhaseLocking-nC00010-N.pnml|2PhLockVParam|8|6|1|1|1|0.0
TwoPhaseLocking-nC00020-D.pnml|2PhLockVParam|8|6|1|1|1|0.0
TwoPhaseLocking-nC00020-N.pnml|2PhLockVParam|8|6|1|1|1|0.0
TwoPhaseLocking-nC00050-D.pnml|2PhLockVParam|8|6|1|1|1|0.0
TwoPhaseLocking-nC00050-N.pnml|2PhLockVParam|8|6|1|1|1|0.0
TwoPhaseLocking-nC00100-D.pnml|2PhLockVParam|8|6|1|1|1|0.0
TwoPhaseLocking-nC00100-N.pnml|2PhLockVParam|8|6|1|1|1|0.0
TwoPhaseLocking-nC00200-D.pnml|2PhLockVParam|8|6|1|1|1|0.0
TwoPhaseLocking-nC00200-N.pnml|2PhLockVParam|8|6|1|1|1|0.0
TwoPhaseLocking-nC00500-D.pnml|2PhLockVParam|8|6|1|1|1|0.0
TwoPhaseLocking-nC00500-N.pnml|2PhLockVParam|8|6|1|1|1|0.0
TwoPhaseLocking-nC01000-D.pnml|2PhLockVParam|8|6|1|1|1|0.0
TwoPhaseLocking-nC01000-N.pnml|2PhLockVParam|8|6|1|1|1|0.0
TwoPhaseLocking-nC02000-D.pnml|2PhLockVParam|8|6|1|1|1|0.0
TwoPhaseLocking-nC02000-N.pnml|2PhLockVParam|8|6|1|1|1|0.0
TwoPhaseLocking-nC05000-D.pnml|2PhLockVParam|8|6|1|1|1|0.0
TwoPhaseLocking-nC05000-N.pnml|2PhLockVParam|8|6|1|1|1|0.0
TwoPhaseLocking-nC10000-D.pnml|2PhLockVParam|8|6|1|1|1|0.0
TwoPhaseLocking-nC10000-N.pnml|2PhLockVParam|8|6|1|1|1|0.0
UtahNoC.pnml|UtahNoC-PT-none|216|977|1|1|1|0.0
ucr-Z2T3N04.pnml|UtilityControlRoom-COL-Z2T3N04_unfolded|72|108|1|1|1|0.0
ucr-Z2T3N06.pnml|UtilityControlRoom-COL-Z2T3N06_unfolded|106|162|1|1|1|0.0
ucr-Z2T3N08.pnml|UtilityControlRoom-COL-Z2T3N08_unfolded|140|216|1|1|1|0.0
ucr-Z2T3N10.pnml|UtilityControlRoom-COL-Z2T3N10_unfolded|174|270|1|1|1|0.0
ucr-Z2T4N02.pnml|UtilityControlRoom-COL-Z2T4N02_unfolded|38|54|1|1|1|0.0
ucr-Z2T4N04.pnml|UtilityControlRoom-COL-Z2T4N04_unfolded|72|108|1|1|1|0.0
ucr-Z2T4N06.pnml|UtilityControlRoom-COL-Z2T4N06_unfolded|106|162|1|1|1|0.0
ucr-Z2T4N08.pnml|UtilityControlRoom-COL-Z2T4N08_unfolded|140|216|1|1|1|0.0
ucr-Z2T4N10.pnml|UtilityControlRoom-COL-Z2T4N10_unfolded|174|270|1|1|1|0.0
ucr-Z4T3N06.pnml|UtilityControlRoom-COL-Z4T3N06_unfolded|228|450|1|1|1|0.0
ucr-Z4T3N08.pnml|UtilityControlRoom-COL-Z4T3N08_unfolded|302|600|1|1|1|0.0
ucr-Z4T3N10.pnml|UtilityControlRoom-COL-Z4T3N10_unfolded|376|750|1|1|1|0.0
ucr-Z4T4N02.pnml|UtilityControlRoom-COL-Z4T4N02_unfolded|80|150|1|1|1|0.0
ucr-Z4T4N04.pnml|UtilityControlRoom-COL-Z4T4N04_unfolded|154|300|1|1|1|0.0
ucr-Z4T4N06.pnml|UtilityControlRoom-COL-Z4T4N06_unfolded|228|450|1|1|1|0.0
ucr-Z4T4N08.pnml|UtilityControlRoom-COL-Z4T4N08_unfolded|302|600|1|1|1|0.0
ucr-Z4T4N10.pnml|UtilityControlRoom-COL-Z4T4N10_unfolded|376|750|1|1|1|0.0
Vasy2003.pnml|Vasy2003-PT-none|485|776|1|1|1|0.0
viral-02-1-1-10.pnml|ViralEpidemic-PT-S02D1C1A10|8189|10235|1|1|1|0.0
viral-02-1-1-12.pnml|ViralEpidemic-PT-S02D1C1A12|32765|40955|1|1|1|0.0
viral-03-1-1-02.pnml|ViralEpidemic-PT-S03D1C1A02|66|91|1|1|1|0.0
viral-03-1-1-04.pnml|ViralEpidemic-PT-S03D1C1A04|606|847|1|1|1|0.0
viral-03-1-1-06.pnml|ViralEpidemic-PT-S03D1C1A06|5466|7651|1|1|1|0.0
viral-03-1-1-08.pnml|ViralEpidemic-PT-S03D1C1A08|49206|68887|1|1|1|0.0
viral-04-1-1-02.pnml|ViralEpidemic-PT-S04D1C1A02|127|189|1|1|1|0.0
viral-04-1-1-03.pnml|ViralEpidemic-PT-S04D1C1A03|511|765|1|1|1|0.0
viral-04-1-1-04.pnml|ViralEpidemic-PT-S04D1C1A04|2047|3069|1|1|1|0.0
viral-04-1-1-06.pnml|ViralEpidemic-PT-S04D1C1A06|32767|49149|1|1|1|0.0
viral-08-1-2-02.pnml|ViralEpidemic-PT-S08D1C2A02|731|1241|1|1|1|0.0
viral-08-1-2-04.pnml|ViralEpidemic-PT-S08D1C2A04|46811|79577|1|1|1|0.0
viral-16-2-4-01.pnml|ViralEpidemic-PT-S16D2C4A01|307|561|1|1|1|0.0
viral-16-2-4-02.pnml|ViralEpidemic-PT-S16D2C4A02|4915|9009|1|1|1|0.0
viral-16-2-4-03.pnml|ViralEpidemic-PT-S16D2C4A03|78643|144177|1|1|1|0.0
